carbon_precursors,MgO_precursors,Mg_loading_method,act1_type,act2_type,carb1_type,carb2_type,post_treatment_type,SBET_m2_g,Vtotal_cm3_g,Vmicro_cm3_g,MgO_mass_ratio,temperature_C,pressure_bar,act1_temp_C,act1_duration_h,act2_temp_C,act2_duration_h,carb1_temp_C,carb1_duration_h,carb2_temp_C,carb2_duration_h,Vmeso_cm3_g,microporosity,MgO_surface_density,T_lnP,inv_T_K
3.502732334767496,-0.005925978000177733,-0.002227381262013923,-0.37075543836524905,-0.4920784153579272,0.9191637390200474,0.559059366220323,0.29497844003633,-0.5230710939143774,0.9524530591245138,-1.3010438256397816,-2.0104810497583396,-0.6616492768198454,-26.6845373349062,-0.4382091702192886,1.5159494636261557,0.0,0.0,0.37496668752899315,-0.08970555423143356,-0.04589151615536321,-0.03352920959902703,-4.141665730026133,-10.044870984916816,0.01911952820791117,-16.1591719194369,-1.1480349074383926
3.227686075353496,-0.027732572126563607,-0.003593838785490947,-0.44683622336471035,-0.4920784153579272,0.9812841320714809,0.5723820564132855,0.24256902617805512,-1.2730207871702004,0.09170634377152193,-1.3826026929217308,-2.234579993002448,-0.6775401550427362,-28.24439406615697,-0.4380484179348875,1.5159494636261557,0.0,0.0,0.35631278048629417,-0.10255318255668534,-0.047403677969306265,-0.03352920959902703,-3.7885957199999307,-10.244583484261785,-1.6035077150954418,-16.85114177100228,-1.141158850859648
3.3744044135376674,-0.06619874024790882,0.0023953304459312583,-0.2091541952790612,-0.39194991860863865,0.939964075139297,0.305795376756002,0.07916084887395272,-0.49891491275740024,3.127700631395583,-4.530470932118749,-1.540846017977859,-0.9848799101904505,-24.833150603319854,-0.18588350169660275,0.9055261472051939,0.0,0.0,0.4011349380962954,-0.0949498141579369,-0.025398215605819167,-0.029556642867968014,-3.190755875717803,-9.33365032517842,-1.0971641179485214,-14.574326606770548,-0.9355200126373961
3.9972796107953097,-0.1657675239958179,0.011487578232210863,-0.15217673366297918,-0.44495036069816374,1.2132450886947896,0.3506358712833382,0.07546422008507751,-0.5574459693390852,2.3329841861209943,-4.859720184164533,-1.3557874038950455,-5.93574890367942,-26.25566905898148,-0.20436459004442967,0.9359210034786389,0.0,0.0,0.7995211868832081,-0.11434933361276721,-0.010373676778258758,0.02358478285482524,-4.300626770174464,-10.842579734523412,-1.3213771409642927,-22.933403299127082,-3.9885795233579233
3.417396966443086,-0.07135262004516615,0.012858963027386427,-0.24900959883217347,-0.477652118136004,0.8881737326765496,0.3830484020657911,0.10137860512593533,-1.3176858542989094,0.17086838518970002,-5.909654910554989,-1.8106978100710185,-1.1602476767395427,-26.69568309131642,-0.19161829208770498,1.3255444109674974,0.0,0.0,0.2299421043881464,-0.12192174337198265,-0.03679288714359681,-0.02929589940380087,-5.0631742625160525,-11.032625682249053,-2.2395967189899877,-14.38971835416221,-0.795475748893802
3.209608547401613,-0.07517486249059131,-0.003767960428986014,-0.44025836069675245,-0.45906073739041037,-1.6594025491444397,0.5892680951974644,0.2895571980267435,-0.7846789923368489,0.04988433037510779,-1.9414855611002142,-2.747614204485423,-0.3923396935383626,-26.24916493007172,-0.46898143776235673,1.8336810177609153,0.0,0.0,-0.6748136743378376,0.7365900911450292,-0.04726696630325774,-0.03366751288673027,-3.4328433580985767,-9.728195997584743,-1.639559882837901,-14.451640343029649,-1.0389530082115115
3.1190445806448874,-0.10425185275517782,-0.001954569647647895,-0.2835256612779278,-0.47474857786559616,-1.6594025491444397,0.3609697930620403,0.28854249494916834,-1.3961904890703363,-1.6659310887495153,-4.486324199546915,-3.5212227690853735,-0.6821690141380384,-23.36921414918874,-0.31121324807690826,1.605481780249176,0.0,0.0,-0.82266122641325,0.4552178854213947,-0.047746467975296754,-0.034542745221417204,-4.351331413930035,-10.96969951787803,-1.669685141040627,-10.803827899091909,-0.9936732421460304
3.367495123376549,-0.07875423135143267,0.009884999193581658,-0.21397608197262596,-0.4765294490797209,-1.464522050817223,0.37986880050135885,0.031390166896830406,-1.0460590359011752,0.39183046016707207,-3.870132804500412,-2.1875243056701126,-0.3903532591113495,-24.512773568679858,-0.2382691104780864,1.643275965102257,0.0,0.0,-0.6633577955790438,0.8723112068212485,-0.0355423342413737,-0.02969494615567125,-4.021729904436026,-9.991571018535163,-1.9758966264172242,-12.073263865833704,-0.7410280948736723
3.3109726752165862,-0.07850265168308951,0.009768893341751137,-0.24893426732030802,-0.4744357354975729,-1.6540800713544574,0.39637652985165867,0.2640158654135301,-1.2725469688807087,-1.7971695645380203,-5.109429060126857,-2.4907625788188574,-0.7180006331375368,-22.429082055007726,-0.2645405062875604,1.659225073932434,0.0,0.0,-0.8034226433877005,0.8689417250645508,-0.034861224785120645,-0.03366751288673027,-3.6773306619610455,-10.45044772111041,-2.153667139871654,-12.148693413561572,-0.7991480089939138
3.208994292211326,-0.014660557348926925,-0.0023803555539042226,-0.3795135079664846,-0.4930436326233152,-1.483471753208987,0.636779740265679,0.28854249494916834,-0.4855497337476219,0.08259900911471026,-0.7104628481980517,-2.4447028339352617,-0.2525189419024309,-25.473522842638275,-0.4744135132624328,1.8336810177609153,0.0,0.0,-0.6945591560664376,0.600910513829368,-0.046052942665738936,-0.034542745221417204,-3.209099774031839,-9.13300690890715,-0.39653972971798185,-14.100173449847155,-1.0125032771170093
3.367691932483678,-0.07975291991006897,0.009884999193581658,-0.22797612767862369,-0.4759333481475553,-1.508214853945417,0.366115694348581,-0.02961988907004583,-0.2230456283131662,0.6033945602415368,-3.597088260349123,-2.017083765360396,-0.370512508061589,-23.50063221708735,-0.23793031171449203,1.7387198919932818,0.0,0.0,-0.6292490258942212,1.0807945358501565,-0.0355423342413737,-0.02969494615567125,-3.463022298176698,-8.232173603806535,-1.9266149722535038,-11.211503009304813,-0.6928404945723904
-2.6915704615521694,-0.059761849288177474,0.04939845249185022,0.3576222757266916,-0.13302443497605998,-7.303074122980752,-0.0662248793898055,-0.006708556436213109,-12.332036395697441,-2.1281354184954777,-8.041514220034044,-12.632150446052758,-4.823541009959304,12.148883678311085,3.0623292192011426,-0.26535169045679613,0.0,0.0,-4.702259729813483,0.08738233175775398,-0.020550401136022148,-0.010226865773082051,8.32818503733018,18.654951312795014,0.860815256708174,5.254503232034879,-6.659773473159688
-3.0963286436557023,-0.5085353835086103,-2.115378175398406,-2.096221821416433,-0.18868044745412763,-8.441936492701268,-0.31115298539901104,-0.01798073396657866,-18.750472386595714,-3.0729259861048406,-9.175068485457468,-15.377061416465496,-6.642805238826674,11.498759443743378,-1.0212211498418922,-0.32068437781260545,0.0,0.0,-5.576943766967182,0.029269278010202248,-0.025046781412651153,-0.05669997019775175,1.118963524733872,5.856234640213373,-4.866647144196358,2.8855938188601558,-8.307256902669218
-2.7461892348620336,0.02978140445847849,0.10787481658443625,0.3576222757266916,-0.13266603506255562,-7.330189091934208,0.267586139803308,-0.006708556436213109,-11.535681893291992,-1.2830850396941058,-8.425830430244558,-15.337359064672222,-8.781512003211715,11.709237134429326,3.2601502953563095,-0.31355367692266395,0.0,0.0,-4.72169501129888,-0.028194677038527887,-0.008985992495974563,0.04214914389574916,7.347257690501183,17.741763257535172,1.0763564581994582,5.3857809123312315,-8.328824842231496
-3.751092806829382,-0.320640917963863,-0.7546267581388191,0.03819843775420625,-0.1424225603838691,-9.68964180714583,0.40294652554413307,-0.006762769467398663,-11.770987719103164,-0.7065624073217927,-9.755159240808108,-19.372412430506266,-8.561777866489965,11.393175469137375,2.2795270546156514,-0.313508907189057,0.0,0.0,-5.620973536002826,-0.0344351045592664,-0.008804743269307842,0.0484654284315565,7.235522911467141,20.544407192258014,0.9644260666227362,7.555182025364131,-8.796138699416899
-3.995451543004172,-0.18851227184203034,-0.5833999858151627,-0.3155895947370723,-0.14597571626417627,-9.68964180714583,0.4026206552444855,-0.006762769467398663,-11.417521457593041,-0.9485637530054349,-10.470694127748652,-18.85078633002593,-11.157079486897025,11.346462688191764,2.240258908532862,-0.3137871450637401,0.0,0.0,-5.726633295364265,-0.0384281346710055,-0.0074763846176993205,0.04159227090263832,7.447123923623027,19.484759671097603,0.8624693076265171,5.539970933030102,-8.030081837030675
-1.652723108140914,-0.026546226472514256,-0.7345159218500176,0.13412603231910314,-0.13202645089733064,-6.476107497309158,-0.01874097736544633,-0.006708556436213109,-10.730145440839474,-2.540885568098028,-8.640575720085765,-15.5928018913995,-4.373398992892455,13.19300414260269,2.235742247624577,-0.26589996405489785,0.0,0.0,-4.101567250278971,0.07398495486707361,-0.016470416848118813,-0.006983782103374618,6.642370055890637,15.205089466468468,0.4440797921466468,-0.9921389137226907,-6.312223628296809
-1.652723108140914,-0.026546226472514256,-0.7345159218500176,0.1261208072746368,-0.13558208733923388,-6.476107497309158,-0.01874097736544633,-0.006708556436213109,-10.365509217386244,-2.666628172137297,-8.848639323538773,-15.608764255418011,-4.469852653723428,12.03290917187253,2.1367406162925273,-0.26629683816410976,0.0,0.0,-4.241612319193757,0.07056768572741023,-0.016470416848118813,-0.002961619695880075,6.5085848158366995,15.034114526717445,0.4137727277490561,-1.261522811598067,-6.356900306261356
-1.652723108140914,-0.026546226472514256,-0.7345159218500176,0.1261208072746368,-0.1357910744869822,-6.476107497309158,-0.01897669298712358,-0.006708556436213109,-10.268957841116357,-2.686844444069367,-8.879883027278412,-15.555352361255997,-4.621604854998813,11.424220415955254,2.0819577182496913,-0.26629683816410976,0.0,0.0,-4.223727379150578,0.07056768572741023,-0.016470416848118813,-0.004262171655465932,6.5413801837511025,14.79949057132799,0.41679388829658653,-3.4480939538727085,-6.454209941726094
4.3483616023179925,-0.14348735329081105,-0.029380790844616107,-1.4627584824204107,-0.20128966903602552,-6.25776072259711,0.36490274356845914,-0.009116594612354147,-3.5064024219001872,-3.172810774674956,-8.659270743295936,-11.024466628567636,-2.786366836728279,12.495711616256832,-0.8353037225712391,-0.26195803149736446,0.0,0.0,-8.250436513842489,0.16241658559430933,0.43024744859221287,0.7867267106028489,3.8103567673392074,8.446903212665214,-1.9204822561423318,3.6089575772980687,-3.721384353011591
4.304346831097782,-0.14495737030371939,-0.028528343297932166,-1.4627584824204107,-0.20279690815018964,-6.668049399647679,0.36799733645666916,-0.009116594612354147,-3.5140831607841743,-3.178794866507271,-7.866630362235875,-11.148545291639381,-4.647944773921507,12.62246381281518,-0.8282015569505418,-0.26195803149736446,0.0,0.0,-8.474457383955855,0.15763985429795604,0.4434318542563278,0.7911211650986949,3.644935427110248,8.477541232709306,-1.3769372026358313,3.8620624959128715,-5.091946010499956
4.092275893042698,-0.1298295841509654,-0.02854328474936667,-1.4627584824204107,-0.20832153485670488,-6.668049399647679,-0.2132062952556207,-0.009116594612354147,-3.613483384490017,-2.65408192988617,-7.912054172740821,-14.279417042962404,-7.831250781546491,12.143255144380896,-0.8327053108578115,-0.26195803149736446,0.0,0.0,-8.54307664399947,0.10832806714729078,0.23276726487804605,0.042161101946976115,2.622736496206661,8.343383819975125,-1.3345595919233755,4.332426160869987,-7.334294056120073
3.907352930398801,-0.18148042674192583,-0.026822206425681335,-1.4627584824204107,-0.22153097120403886,-6.695164368601135,-0.5248340332007209,-0.009116594612354147,-3.761487791258126,-2.848352801067954,-8.415507690886308,-14.731805989747317,-12.469307866177308,11.644194856535783,-0.8025523001992061,-0.3101600179632323,0.0,0.0,-8.900821579049145,0.03233348345464781,0.15025033694042583,-0.0922389774415355,1.9776310255062859,8.394734274387327,-2.1638396790684724,3.471390062425113,-8.689786464444323
4.228423262054346,-0.1324102181095296,-0.013228742717046112,-0.6687837023024614,-0.23821551639010058,-8.445778305321609,-0.7819981697951996,-0.009170807643539699,-4.020117123102896,-3.695528559045116,-9.8565204005882,-17.41954420924094,-13.922798208541762,11.365611109528045,-0.8519869308472131,-0.31011524822962533,0.0,0.0,-9.815597779674794,0.010405684778338082,0.06595401194197285,-0.21191061573368744,0.9587531827338797,9.845829190448283,-3.589557374174007,5.5649252615851,-12.96977236779586
4.186284407402531,-0.036346663100919996,-0.11254871103844552,-1.3199274865058537,-0.4475845943974227,-4.246403734823068,0.7199098586858923,-0.01587369343203921,-1.8460662739843323,0.7360274263430928,-0.33240733477480355,-5.889542549450746,-6.900533605430527,12.925183469427514,-0.9180288298940901,-0.32843134491098613,0.0,0.0,-5.130576175436407,0.03255656677289146,1.103154113009001,1.0838374532205215,-4.543964150227178,-12.730637294415518,-0.5958207738029865,4.36603205176311,-4.243571272641327
3.5908607191001902,-0.08585982508343602,-0.1125726125811237,-1.0400226248074187,-0.39540740958820386,-4.278492621192584,0.6947737705189566,-0.01587369343203921,-2.114105488943665,-0.6127265754175213,0.1981970852611161,0.49141082005754555,-6.920703642670579,13.832276618422684,-0.5982249347860067,-0.16489180754420893,0.0,0.0,-5.406808201189159,-0.10587681475115973,0.8229039819462035,0.8580868626428286,-5.377001542166014,-14.190373831786886,-2.772791239662687,2.5307981632976664,-4.697369779242317
2.700424845271266,-0.3534429748499623,-0.13656419724926813,0.19857771582715494,6.076865287906018,-2.633538348613703,-0.11202933969129536,0.02258086962760433,3.9105379831154243,7.027153788528322,17.44837561206605,-1.5961040025917914,-6.888077752452355,20.251822421226912,9.028825883474028,3.0371434687838677,0.0,0.0,0.5588247149646173,-0.7671954069439225,-0.01806758877356311,-0.004858031299631439,-2.7553222828101687,-12.508281462325249,-1.4682837259876251,8.850452006466996,-6.413818838028913
3.8009679820589386,-0.5128251864144602,-0.11229971993721526,0.20288753684394253,8.015216444658234,-2.7847684841584592,-0.12198604396530122,-0.008687584379321505,-1.4291836638347353,2.466365009082637,1.1796932178330068,-3.288041950565013,-2.919419742345863,14.283107185435039,11.841093252317092,4.308745219674086,0.0,0.0,-0.3170679470707096,-0.7227967025847013,-0.04578653102990841,-0.012792890212697002,-3.9711016613239534,-15.18533136072653,-0.48238527452287405,5.80333627504373,-1.685131357558242
4.356357643590744,-0.35196634261680215,-0.0964861911327532,0.42098654955430653,8.613453220586848,-2.233740903767979,-0.05974452682242707,-0.008687584379321505,-0.9451400521672528,2.6775685184441635,7.172017372688922,-1.7498557652045228,-1.335484888029292,15.787654665846945,13.112842359843068,4.3230091041641225,0.0,0.0,0.8479219416003004,-0.6868488522264203,-0.017173279551267656,-0.01806111196272567,-0.11445459967194938,-6.733562525666292,-0.5998342451558673,6.505477111681837,0.07135563206003895
2.7340688945047873,-0.40053772318604225,-0.11461994491672718,-0.06520171954319301,7.607830359879318,-2.6622983884312448,-0.3594110066790041,-0.008687584379321505,-1.4583771568757833,2.062924420102445,0.9768738412407011,-2.8376729534319285,-3.3766486361996764,14.010167205703443,12.357426878915595,3.818924629496816,0.0,0.0,-8.225225297636232,-0.8216062877482585,-0.06078714956312791,-0.043902096033254734,-4.553894475635656,-12.919174585191815,-1.0019855485662947,5.113333868132594,-1.33815282996022
4.339825246012497,-0.353879066957062,-0.11126520524787017,0.40610515843269,8.652091872826158,-2.233740903767979,-0.06495586873001336,-0.008687584379321505,-1.0157646627346144,2.5272635997668527,5.996290283816557,-1.7450956168840426,-1.391870159914598,15.572674543968025,13.112842359843068,3.7271782912745666,0.0,0.0,0.8168651964175728,0.060283551548024075,-0.021715009171374474,-0.01806111196272567,-1.1669545068556797,-7.056951531457665,-0.6068096763626514,6.404822734411187,0.17403892203519908
4.368004401747748,-0.4318895993059983,-0.10046008086652089,0.42098654955430653,8.923714619100354,-2.233740903767979,-0.03917730109738989,-0.009318685724027793,-0.5378448931565996,3.0113112925542627,9.441152192846777,-0.6323698747140645,-0.6973090203962186,16.136775846492007,13.033648107230645,4.763447201397868,0.0,0.0,1.8221851182550655,3.3136188978602688,-0.021949045011650504,-0.01806111196272567,0.664853486336214,-2.967448112375639,0.2653617466993575,6.991306222463377,0.0331160112916867
4.339761665558222,-0.43207792065816303,-0.0964861911327532,0.42098654955430653,8.613453220586848,-2.233740903767979,-0.03917730109738989,-0.009170101349873595,-0.9308337483866604,2.7085750587320225,7.212336493652788,-1.6454679906371246,-1.048339473260275,15.969195936831078,12.52978831641174,4.4366403881866265,0.0,0.0,1.6099785812446936,1.7135463164959386,-0.02223530064635018,-0.018542334993798322,-0.4217563537722434,-5.477712209390164,-0.27138606916277225,6.58044286259077,-0.41002086940840843
4.456011397725617,0.40370812658893585,-0.09607096505894672,0.42676697454221585,9.106948224710713,-2.233740903767979,-0.034822024841936215,-0.009318685724027793,-0.517296144303625,3.015091141940797,10.07808996703816,-0.5856770263962082,-0.6886557622271435,16.241153958446205,13.171696189065022,4.88659160045236,0.0,0.0,1.8265250431897249,3.344631933204189,-0.018865461345122375,-0.010654799248923754,1.1000794012263406,-2.7695325729213973,0.39300470135717247,7.059310902026205,0.035359354255153075
4.337192208921085,-0.39885381042678303,-0.11212359080015445,0.40629576306272036,8.652091872826158,-2.233740903767979,-0.039708596294706064,-0.008687584379321505,-0.9975240566291365,2.6278391146335314,6.076732182267082,-1.9950149889705011,-1.1997848409186895,15.75733685761504,12.61555727267792,4.437326893176508,0.0,0.0,1.6236266787016698,3.3054208749612517,-0.021715009171374474,-0.01806111196272567,-1.079489105585267,-7.164325157682255,-0.3414007661171345,6.398878226210115,-0.4064010664986556
-2.4676526782790194,-1.1682072023654382,-0.0689077583729782,0.056550998516321116,-0.4659727918496808,-4.8566196370476815,-0.031517501591671084,-0.017052482364660816,-1.59645509877021,-6.064250332133579,-18.56305649402153,-9.483276947542057,-3.6376306620102015,9.313723255833025,-3.965949674016986,-0.38649374517020246,0.0,0.0,0.3643572962938861,-0.00078332557495474,-0.02589920991791708,-0.01718744258359199,-8.89984871148554,-22.21051887649742,-3.8306516419244026,0.9268651718410835,-1.6979597234785315
-2.6753207665371703,-0.9835076723756012,-0.051850975973391354,0.056550998516321116,-0.46750974428738507,-5.0403731828140215,0.039410002683946024,-0.017052482364660816,-1.7200419917574992,-6.368851691966286,-16.353772001106627,-10.143478016512988,-9.757297969814735,8.759772853626192,-3.198436304740821,-0.4346957316360703,0.0,0.0,-0.1473965589586852,-0.08965840902334722,-0.01081307192600827,0.054532166331755484,-8.52349178002448,-20.973483041322044,-3.902300991874443,1.4122311215891146,-6.895227956038269
-3.0166918542109524,-1.0228341942500596,-0.0389724365491077,-0.0204614657914816,-0.4933065889927284,-6.778342783651593,0.09875116312673228,-0.017186886021380333,-1.8611017667225873,-7.148809398622213,-15.682265677607042,-7.868622347696867,-11.009588266895856,8.41407033127716,-3.270308269466366,-0.4340728601191565,0.0,0.0,-0.3853525248598301,-0.09499936069872296,-0.009586994820115796,0.06690363343850274,-8.033117712606808,-23.111479881178024,-4.122973586095931,3.5606522364597004,-12.195021942466386
-1.7466149079583617,-1.0295261834652103,-0.062379034027144474,0.02082698835238461,-0.462928622758478,-4.06210777216967,-0.010834843337250067,-0.017052482364660816,-1.621253572670457,-6.003332463795314,-17.718293318913435,-9.53974889370463,-2.4741358970453806,10.59630637141422,-3.143534728333093,-0.3847087236196348,0.0,0.0,0.5461600213602784,0.012141863811459973,-0.021942398811893003,-0.01162440601432168,-7.606323117174738,-18.588033981932927,-3.381687835823199,3.2720685860524505,-0.30690565832746397
-2.063209240185708,-0.6191999624425131,-0.04047029805051989,0.06109477573502242,-0.46266584454161747,-4.29150273675745,0.09489573157631437,-0.017052482364660816,-1.7296814256628277,-5.745954189674751,-14.2731992733169,-10.77023255101254,-9.952427235544576,10.053277131195074,-2.7836405226560967,-0.43361832565893044,0.0,0.0,0.027432358803205558,-0.06635119658241076,-0.011693967272154656,0.053582553053512484,-8.364320874488465,-20.02442400392922,-3.374185674150084,3.6051017140674095,-6.246597747606073
-2.4237387607018257,-0.4926824434119472,-0.03993082155495697,0.0215289932876546,-0.48634864275558387,-4.713477646524521,0.11009362686106673,-0.017186886021380333,-1.9184345229733388,-6.748071109755287,-12.092826902804983,-8.99539630650542,-13.392691388607567,9.77658390995585,-2.655819283289217,-0.43402256665412203,0.0,0.0,-0.15810939132869367,-0.08879408411895454,-0.01463228425538702,0.0816833179787989,-7.024755172691014,-19.935623761312016,-3.6172838289250135,3.0164978558463944,-12.273590087273657
-1.7106412998063831,-0.411440662229327,-0.07853867360825487,0.06109477573502242,-0.46064042403112826,-4.087423046894992,0.06099760487035323,-0.017052482364660816,-1.525860908175887,-5.543271642847116,-12.723810438921488,-11.572380814129522,-2.010643548626066,11.135856564037537,-2.3821811839331093,-0.3854163391930626,0.0,0.0,0.5761824091400949,0.02309209990840195,-0.023467679092662494,-0.013361162020152462,-3.1141102390427133,-17.111605681679055,-3.34669390367679,4.461021420811741,0.5279592157406691
-2.041540817360355,-0.4846520416869172,-0.07268914861372949,0.0778817757438674,-0.46266584454161747,-4.29150273675745,0.09496701171572763,-0.017052482364660816,-1.651563533200814,-5.401418774286881,-11.398418736816854,-11.58060834209171,-9.888116305678395,10.436929996316357,-2.3149061659519687,-0.43361832565893044,0.0,0.0,0.020845444669730314,-0.06511532657502686,-0.011693967272154656,0.05394879940340921,-4.046330600092713,-17.271442170571135,-3.3345187583047626,3.3580482250495907,-5.826713842954094
-2.3817676840992386,-0.5925716927657549,-0.03816055495952503,0.06009468194147224,-0.4840128186927995,-4.718172880986366,0.11561191099222963,-0.017186886021380333,-1.8931436736018101,-6.5454100197645575,-10.950264267749903,-7.888938420078463,-13.331249712984228,9.948425369906419,-2.3659899544188225,-0.4148459154316218,0.0,0.0,-0.1744121773016448,-0.08879408411895454,-0.008089851033883887,0.0816833179787989,-3.810113353449457,-18.951470215574158,-3.7933944854689607,2.4611454593833817,-12.25285323059616
-1.4635584381142421,-0.5133596205061056,-0.05093866371774461,0.11485544940364595,-0.46030253322312514,-3.7760800477456846,0.06177877707449257,-0.017052482364660816,-1.4346048085259804,-4.561712872181357,-9.464108251621541,-11.741357574893396,-1.9089136543221819,11.847064735445882,-2.3622444618239102,-0.3662396879705624,0.0,0.0,0.5736094888274521,0.07822839903001835,-0.01692524587115934,-0.012917205196742188,-0.13940315526472422,-14.468202239933193,-3.2867698977113693,5.46184145591398,1.1063854113726945
-1.8493229816549255,-0.48191966825919674,-0.04278435870625779,0.11485544940364595,-0.46072818866295256,-3.9848549720699875,0.10090904319028715,-0.017052482364660816,-1.565068817039419,-4.5664280840618945,-8.308739977525821,-11.794758092774376,-9.562415930888978,10.97688255245238,-2.2646900143380386,-0.4144416744364302,0.0,0.0,0.03622246743456708,-0.014755822425262133,-0.005151534050651526,0.05439275622681948,-1.4437953742111052,-15.546936168143196,-3.327140450422277,3.5712757928075476,-5.888287895067222
-2.4293298543496045,-0.5052640751820691,-0.009659030390635525,0.06464068556040212,-0.48441098687691897,-4.406829881837059,0.12036042746274007,-0.017186886021380333,-1.8783320196551798,-5.549961154424484,-8.451781507375735,-8.211103429106137,-13.3828563486943,10.333213677432767,-2.323491745896688,-0.4131240625046469,0.0,0.0,-0.17914342390647306,-0.02402476262235548,-0.0048825264248036696,0.08212727480220916,-2.0471048276031962,-16.924647296645478,-3.732787331288996,1.7525653137700727,-12.446471473801797
-1.464517425492663,-0.42605200292242,-0.049819377395018904,0.11940145302257582,-0.42838535625139906,-2.90103092524482,0.0622464235071737,-0.017052482364660816,-1.4150518550484938,-4.32312972091643,-8.398429079462527,-10.229589730135606,-1.8257448863724548,13.757477967483927,-2.170162875268466,-0.3645178350435875,0.0,0.0,0.5765164189897632,0.08098174953001247,-0.013717921262079122,-0.012917205196742188,1.2017940861203085,-12.04962999453842,-3.2671101221598025,5.0767444169251155,2.1116595478651
-1.8518145690513006,-0.3562999153666713,-0.0423105221713981,0.11940145302257582,-0.4277947816032113,-3.748763576124095,0.07788618406931702,-0.017052482364660816,-1.46293419099601,-4.230141542272234,-7.974154257403115,-10.641982065582665,-9.333266612672162,11.58343004270533,-2.1543313710488716,-0.4127198215094553,0.0,0.0,0.04036188720258625,-0.01743703824956743,-0.021887089859628873,0.05439275622681948,-0.07340975876539076,-13.346655187278857,-3.4275290165669268,3.017452068950095,-5.829235823471826
-2.16427040469555,-0.6725140904360468,-0.021408823632278945,0.04691127490605543,-0.45695042048727813,-3.8879671442300103,0.10262286903978458,-0.01733744018406123,-1.8250775333997615,-4.992708840207879,-6.739288534736551,-7.020427025036584,-15.846055322649933,10.99428905672359,-2.0734415182164,-0.4215492303645486,0.0,0.0,-0.10565254216950841,-0.0469865329903943,-0.014113081555636755,0.08117511577821172,-2.466715312257875,-11.91833551716437,-3.91354701798636,-1.1905525562637904,-11.250202787387785
-1.0925054151709663,-0.6777129805833947,-0.07754501987798758,0.13218871677517163,-0.3610147858677964,-2.513240792193457,0.008318548265571279,-0.01728322715287568,-1.420614659587489,-4.105204298749862,-1.8710869341875944,-10.401631423108894,0.8021293306673455,12.165786684618341,-2.129067922957284,-0.3776772446314866,0.0,0.0,0.959299883056206,0.013931964553037822,-0.03782068493158453,-0.012917205196742188,-0.6755866383314216,-4.866798116230935,-3.5338323640155846,4.612233060401399,1.952473996113102
-1.6563676831861112,-0.562757637124963,-0.08062315873986974,0.13289078533220414,-0.4145939910125404,-3.6360273984228724,0.09387680001008475,-0.01728322715287568,-1.5200543784392782,-3.976731366700006,-2.7330283416835126,-10.697413585665974,-10.961105723353755,10.986940095278115,-2.156520791329956,-0.4232125288974098,0.0,0.0,0.09138967320146543,-0.07740395424133402,-0.024680849451665748,0.05439275622681948,-1.5515003018317373,-8.194404502884186,-3.5541304478017284,2.3741355076420554,-5.978392695087088
-2.044016756287794,-0.6733502500755097,-0.047496852796356216,0.047011333136820314,-0.46645862717078956,-4.098796883292967,0.13966930576887002,-0.01733744018406123,-1.4864417295492793,-4.928886261156357,-2.0232271750476176,-8.127419148382529,-15.617461361827695,10.777917040758496,-2.327320766639883,-0.4236167698926014,0.0,0.0,-0.11253614547768259,-0.09602703304316283,-0.01400421693745558,0.08117511577821172,-1.280723740856428,-10.402186626120182,-3.6718357169991167,-3.497251999239721,-10.66751802020021
-1.0643548182871503,-0.6866342184477008,-0.07624415141528562,0.13303784602003224,-0.38814403061557873,-2.513240792193457,0.038993953847569554,-0.01728322715287568,-1.0437441008402386,-4.0572310422124245,-0.3179707384795673,-11.16495226166183,1.1422162583296578,13.637289939702354,-1.8618906426635466,-0.37501054243154186,0.0,0.0,0.9483071069817312,0.026225419519926026,-0.03727127729716031,-0.012917205196742188,0.841688999843698,-4.399459766517333,-3.5507223069716582,4.792273645981019,1.4455537232585383
-1.5229730366593792,-0.6209634867778318,-0.0805294714030919,0.13303784602003224,-0.43878938147156576,-3.6360273984228724,0.12324297898927666,-0.01728322715287568,-1.1549189812464131,-3.915029313407049,-1.0798426787117046,-11.403632108493241,-10.348947118982258,11.953551869516355,-1.9230863317655604,-0.4232125288974098,0.0,0.0,0.27436950378122565,-0.053165041357883296,-0.02295192309690632,0.05439275622681948,0.17376252108461307,-7.129626025704933,-3.4088237324386066,2.2321940520371695,-5.316308132598616
-1.9541140581823757,-0.7309486567774479,-0.04736567392707079,0.047011333136820314,-0.46168731997050433,-4.098796883292967,0.17407364872418263,-0.01733744018406123,-1.4045329167476448,-4.907171453224489,-1.8100138365622989,-8.197886827804052,-15.668126579818399,11.306363045759923,-1.9944273905411527,-0.4236167698926014,0.0,0.0,0.06741732032075465,-0.07458598827492786,-0.008016145766250952,0.08164785102569382,0.06338155596013598,-9.408219506555797,-3.5424298729055894,-3.432295842904514,-10.232535732356752
-1.0610456102334207,-0.6492662000486834,-0.06550802504837745,0.13321780631486205,-0.3546592231885555,-2.513240792193457,0.07841079156269527,-0.01728322715287568,-0.8733184138505792,-3.9255110034597682,-0.05529436242844186,-10.924076935514256,1.305252176195595,15.73856602955366,-1.8458412540135127,-0.3748820223171114,0.0,0.0,0.991278883353652,0.030333892753242886,-0.02086962056438378,-0.00977283502794663,2.495376780601392,-3.3212116096390463,-3.523060963630218,5.2320651866107974,1.956559975942638
-1.522772569291891,-0.5904446946254357,-0.06988703237296157,0.13321780631486205,-0.41263334057769796,-3.6360273984228724,0.15911929961277993,-0.01728322715287568,-1.049274579851119,-3.729206279671398,-0.5998410031247524,-10.99678919716061,-10.332875785164086,13.684780120335107,-1.9131507808359347,-0.4230840087829793,0.0,0.0,0.2883018794001741,-0.034187021006408434,-0.007729785084464969,0.056638464176736965,1.5031290583120274,-6.027728956794275,-3.344713798506408,2.541026347062423,-4.987894320957838
-1.9520904882731696,-0.6606753278812553,-0.03574574650966558,0.05161604304544727,-0.4361143017061861,-3.781242522063716,0.17641184449200661,-0.01733744018406123,-1.360597317437081,-4.901900934446901,-1.2729670166846399,-8.21446796230397,-15.534444445202471,12.24967096333389,-1.951873559347164,-0.42287036799856736,0.0,0.0,0.0607272371596801,-0.057712915170411966,-0.007775389070721565,0.08342082372812923,1.256278957000887,-8.186843737425646,-3.499915977723321,-2.753178162598436,-10.692924758784727
-0.46858986095530897,-0.6500382744461984,-0.06476451621299988,0.29545004067424685,-0.34775049342643505,-2.458446232886511,0.03758196042213343,-0.01728322715287568,-0.4604045014312878,-3.8559314161308884,0.5789352024365597,-10.448586997156967,0.6693228593601454,16.696871050176508,-1.8259019112737533,-0.3748820223171114,0.0,0.0,0.9733949570496144,0.047206965857758784,-0.016522316673059367,-0.0076396693355005475,2.9478953435089235,0.42108153430446926,-3.455185566226921,5.503039950106,1.3617993056074547
-0.7990110923859934,-0.5906904010143113,-0.06960174276213864,0.23814498795315492,-0.4061334237230886,-3.318473037193621,0.11805475285054093,-0.01728322715287568,-0.6590176913141375,-3.5399990459683432,-0.7247310193417972,-10.292327515509664,-10.898989812697337,13.90999760683508,-1.8389285036867953,-0.4230840087829793,0.0,0.0,-0.24302796303672947,-0.0040401401152094975,-0.009428063714140057,0.05460214107628523,2.50567103325984,-0.592098146462446,-3.2599477815479054,0.5374605515516377,-4.976500349175169
-2.228992447375085,-0.6609210342701308,-0.03611694106107308,0.14417933262009439,-0.2521383486404795,-3.772637255641559,0.16535157612382306,-0.01733744018406123,-0.8629175120514188,-4.497952313724383,-2.4628268528410246,-9.388494529055494,-15.229489736820177,12.538760583496488,-2.034993945373529,-0.3481471572049947,0.0,0.0,-0.37328718679263395,-0.03010078964340461,-0.005767728258000777,0.04139260569530888,0.7550235762436157,6.050981306701794,-3.4927198363405956,-9.026816451279554,-11.978354321145481
8.919601844862635,0.4749986102616368,-0.03333873869197815,-0.32723888429632797,-0.22640986118828318,-1.0294356057107545,0.3720556240183882,0.019610917609047717,-2.4514924285869504,-4.049404178129523,2.5070533616700343,3.2611888142742216,14.849235555428903,12.247910103005726,0.2596403027581693,-0.10894742802626037,0.0,0.0,1.3571098679194382,0.5875678571619917,0.006678104781872775,0.014518737149313154,-2.396212601449085,4.780411336523525,3.1042893288669626,15.400464184449199,16.779647124584514
-7.295242403983373,0.10429395046970526,-0.038804593895746496,-0.4708754942497666,-0.3272877530920762,-2.011277111351412,0.08718259718802311,-0.009170807643539699,-16.064961014822778,-3.0190475825131724,-8.117919802647995,-12.580109841055984,8.316784156078725,11.075830933989845,-0.6429067221704464,-0.22126297967640068,0.0,0.0,0.9310706232697031,0.12925699726128856,-0.004701233249433633,0.01339655232381943,3.1373651924509915,-9.956814401059082,-1.267034053684292,5.098292927914731,2.342543390282309
5.5681236477417535,0.3615327191350613,-0.021467961975413802,-0.2896982602379503,-0.22347748110914983,-0.24726598240823983,0.025573483953189327,-0.005205443539183656,0.2991039343410317,3.182875665459617,1.8110626317967757,12.758339167379264,15.790603332335934,14.178658852280819,0.19770300298123847,-0.05965045761045305,0.0,0.0,1.3508656190749486,1.6223671287991845,0.02034719657867741,0.01780655286412347,9.048986093159366,0.7927662136705858,5.629632528257845,13.733486615382203,14.305899657495408
4.3044529731078836,0.12574179536495722,-0.03134570002701667,-0.33667712264376387,-0.2312100200487329,-0.6577664786552687,-0.02046768308925211,-0.0006572312449970558,-8.598394449224324,-9.193190171223232,-7.6642790574524415,-2.540572579884102,9.03770235365729,11.412584722700469,-0.24887545435874076,-0.109564658759271,0.0,0.0,1.2605982918951053,0.170436098563068,-0.014588906024784618,0.014270718486184523,-4.873863089836656,-8.115719366169357,-1.3388289527861637,8.979500680490428,10.169963394803279
5.957054432730344,0.45374668323104805,-0.06619136445893335,-0.830007481115588,-0.5695531712637587,-5.225497369040939,-0.21409458275840035,0.0005095692535598084,-9.462456190130744,-6.15118962036599,-35.681159815045014,-2.078296546235961,-6.039590894501387,8.58636477649369,-0.5095552392229208,-0.4741294188388614,0.0,0.0,-0.46273651637389523,-0.7675189677322313,-0.026995312171104385,-0.008013758878704971,-6.458103115381037,-23.335919134848762,-0.982887531635229,-0.6418581845947264,-4.496263367414718
-3.700200561419205,0.17690042771709896,-0.04619993577455775,-0.9251993547017668,-0.4743337167424025,-5.1076521811805895,-0.08769283193396771,-0.0050710398824641385,-18.299448549895022,-6.055300839712735,-24.23521954871397,-10.432774816074142,-5.528531618301869,8.337798068684231,-1.1757495186059816,-0.5201528743707058,0.0,0.0,-0.8305991914752564,-1.2016724487302246,-0.015548522361855844,-0.009787591171074165,4.463470997005916,-17.771880540966034,-0.025046432197438108,0.18022443324621112,-4.468691394003719
3.1683003406010037,0.3896002012380431,-0.041510707037988835,-0.8173425012442734,-0.5048585440193946,-4.774523181229264,-0.32160671845001026,-0.0005228275882775387,-8.764367436092497,-5.047498639246318,-28.11446758107792,1.3090464670839959,-6.8921412111344065,9.221093920878591,-0.6959361246549189,-0.22429929960871275,0.0,0.0,-0.5516414600742786,0.09245826817406162,-0.0168963287957933,-0.009370519784701794,-6.395010739954734,-22.187127034195246,0.372099109918209,-5.568371352445102,-5.692733901735953
2.277068589924769,0.21542964532099507,-0.06697739139833168,-0.8280427493587019,-0.5718415853081753,-4.79458718087923,-0.3212375439394723,-0.0050105127912306036,-11.688559770967748,-6.850923577643225,-31.432522792588415,-6.598931054358291,-5.539773856159843,8.48809110323921,-0.5835099596778712,-0.4741294188388614,0.0,0.0,-0.46859188783179917,-0.7445260412402371,-0.026427487461808643,-0.011816320393342704,-6.65595634292556,-23.088566726508308,-1.8539652803373996,0.08357767883851995,-4.215746777876419
4.772232374849232,0.18505716487809215,-0.035168911214058726,-0.3135169924026623,-0.31881814962809146,-1.0395370439771734,0.08236349853411282,-0.009170807643539699,-4.125944292543381,-1.408812467431285,-5.202989139686019,-11.851269218162907,9.984171294358173,11.775393652796303,-0.6106508735695034,-0.10807680386964864,0.0,0.0,1.1694740674067023,0.46132971081013074,-0.003440651331307481,0.05535266562707522,4.022580556367053,-8.130439452868474,1.519855171921068,7.623463119681712,3.911824064888322
6.8288846636346205,0.24973228581696785,-0.024832803870582766,-0.5770679055075786,-0.17193372843667712,0.6354052617432069,0.04312248841158286,-0.009170807643539699,-0.22698450153986263,4.149233082518155,-2.449976781009188,13.071187976289282,0.736664522861511,14.810300620789407,-0.18328925523984968,-0.05271140422382567,0.0,0.0,1.7407906209976884,2.598612253260504,0.025744043384553335,0.015695680597852507,5.056944291211509,6.198686258445936,9.424584481647829,10.68542094515809,-0.11222307692217132
6.727506881039907,0.0274884823334877,-0.025944813081543686,-0.6475957820505737,-0.1719120232723355,0.21358678820813576,0.043959441136739434,-0.009170807643539699,-7.475726077174629,4.031741264910113,-3.7943789400767067,7.284363984813225,-0.90035231972616,14.540068386527873,-0.23337162555476082,-0.05271140422382567,0.0,0.0,0.35543718442840294,2.244099822037641,-0.008890417066469036,0.015473928152041265,4.166055678851095,5.982941532043746,6.852178958705537,9.165676785652721,-1.925520777811512
-0.47338133992344616,-0.04237764059579031,-0.004491915644327251,-0.8469879177946328,-0.4406821611303348,-4.455110870542501,0.4119920478120772,-0.017052482364660816,-1.2650488273542608,-3.4665367229995065,-8.148040551307519,-9.126659510472736,-4.555219783266948,11.946533607179159,-0.8479579862808416,-0.3304508103942143,0.0,0.0,-2.353242545515058,0.09337689674870399,0.5346677277409825,1.0110157294597537,1.970808089345018,-6.559265281441205,-1.4789138674808122,3.8584755248809155,-1.8709117788960283
-0.3230935288082217,-0.3947319724873578,-0.15294750131565832,-1.5223585203327439,-0.45054599283265384,-4.338586024270269,0.5069824204546498,-0.016286042679032046,-2.2854688215117696,0.633257374261025,-0.4625704845886823,-8.193188001769672,-6.64449793777535,12.729227563386898,-0.9844639097395598,-0.33795132879990747,0.0,0.0,-3.29320870280431,0.038269048368921116,1.0176588454446727,1.0641506494559516,-4.789492749003294,-10.700631179762864,-1.1558850855409075,4.294333254346053,-4.892874697603766
-0.3126907367558838,0.24500921112506102,-0.14372475234999516,-1.5209537028423987,-0.45043647876589443,-4.338586024270269,0.5069824204546498,-0.01587369343203921,-2.281058374448312,0.6524676224390373,-0.4748537945662947,-8.167462202846977,-7.050073230591128,12.99370517490296,-0.9837243566176709,-0.3349507578878518,0.0,0.0,-3.3048350201110073,0.03908736561142105,0.9796198147541824,1.0641506494559516,-4.350526539068079,-10.685332899876038,-1.2278804797259626,4.455874168770866,-4.78339318459577
-0.33005670209444654,0.018182939524047877,-0.14372475234999516,-1.5206961109000119,-0.4499370264674598,-4.346393573591129,0.5909400939735018,-0.01587369343203921,-2.2843918645228847,0.650467047482549,-0.5227901952005702,-8.15850866205945,-7.1114872515137915,12.972233157601927,-0.983409363047785,-0.3348612000733261,0.0,0.0,-3.37918265639315,0.03453606041454978,0.9191265488457923,1.0641506494559516,-4.544879147737528,-10.788138728662815,-1.258133958688239,4.444830994937942,-4.798863853537912
-0.24694849298359392,-0.0563456167699268,-0.03625709860267788,-0.8469879177946328,-0.4406821611303348,-4.459923274613495,0.4119920478120772,-0.017052482364660816,-1.5591944633465993,-3.4278561378307595,-7.961605828229405,-9.458849603352487,-4.5119640300103425,11.857443383950972,-0.8632693753112518,-0.3314437134635131,0.0,0.0,-2.3100789472572814,0.115082701494212,0.5078357140069886,1.0110157294597537,1.8616631687771996,-6.578058474784053,-1.3716319473900933,3.8929840047376314,-2.0847239309223413
-0.7576566006000223,-0.09845316914179036,-0.006407285512896099,-0.8463291356635863,-0.4438085524300377,-4.455110870542501,0.3919679306192181,-0.017052482364660816,-1.2831606034574095,-3.4918302684935463,-8.20679480689416,-10.273786044260776,-4.628623918573589,12.052052410308299,-0.8098202552116517,-0.33047805435226174,0.0,0.0,-2.9576318577972414,0.09346232937697126,0.4924849770177214,0.7782917596930659,1.8877991952901865,-6.613282472343773,-1.5317742334062279,3.683933435995923,-1.9419869591839138
-0.557944446566306,0.1201741481008781,-0.0048914933332158605,-0.8469879177946328,-0.44514451089278945,-4.455110870542501,0.03738598128609442,-0.017052482364660816,-1.30868918108399,-4.156325473019122,-8.774967943768786,-9.815135752679247,-8.943598803590946,11.302611359720087,-0.8539781079859081,-0.3304508103942143,0.0,0.0,-2.3870616780672873,0.06592614453387394,0.32277038945862985,0.10650227070719116,1.305956758267276,-8.285763454788272,-1.591671579858329,3.542696154948712,-4.668264300672791
-0.5608146294605804,0.06852330550991773,-0.0007422104729240366,-0.8469879177946328,-0.44112307354181546,-4.482225839495956,-0.2699157702232098,-0.017052482364660816,-1.4271157695679053,-4.406701836992307,-9.189218360293882,-10.42518408414559,-12.622335603671894,10.786789735193445,-0.8473197584408542,-0.37865279686008224,0.0,0.0,-2.9116940769054005,-0.008288610606115132,0.30305776506846055,-0.027897808681320437,1.2314084883268313,-9.204260863184057,-2.479725534944325,2.893745866457592,-7.277131895286645
-0.9104088751846398,0.04529290992151446,-0.0032238782265330626,-0.7108948755276014,-0.44112307354181546,-4.496532416301299,-0.30488581300222695,-0.017186886021380333,-1.571844897612622,-4.763813917181831,-9.85813194015798,-10.796656547689523,-13.197188795695006,10.679164936255836,-0.8586681064227192,-0.37912617935913495,0.0,0.0,-3.124655872473934,-0.02458634209119147,0.3907329637719211,-0.1241626551812391,0.8884236643196938,-10.03477098228757,-2.5243633860478747,3.2703950342917327,-10.284772373454393
-1.0784974064753825,0.028587338187833152,0.0022834381670938974,-0.560444218802384,-0.4694375833183994,-6.0377921923742806,-0.41362137407712385,-0.017186886021380333,-1.641090938043047,-5.466047255015409,-9.734083641504748,-9.153575327904694,-15.497778243181745,10.167369865685172,-0.9117194838620934,-0.3786080271264753,0.0,0.0,-3.4335059967514443,-0.017341008048990237,0.2818323804117998,-0.14756944697347224,0.2829632089364126,-11.626248651955779,-3.4165265303149823,4.773282979144203,-13.178792022161709
-1.0674937406377454,-0.4216388585954222,-0.0003683509642371135,0.2791888963079974,-0.18663944477454206,-3.4911479905036558,0.018782604243780587,-0.01728322715287568,0.013430689690465512,-1.9655804042072962,1.4578734592423068,8.541579555546074,2.4999247225597023,20.090774039036056,-1.1635920004289855,-0.10345684824886994,0.0,0.0,1.2231077990669328,0.03875656936555365,-0.017684275512782344,-0.009896508115536948,5.256916368403621,13.081993508624866,2.246483043973053,7.469785148363756,0.4885621331426564
-1.0998237120182681,-0.5577587947934683,-0.017298869453387048,0.14534463786662868,-0.31346002495600767,-3.21676798744169,0.07507744383173193,-0.01728322715287568,-1.2470624870635938,-2.37903307242515,-0.6195789198764811,8.52523837325243,-8.62533364432479,14.434432162401686,-1.6895757037279682,-0.17374520097017837,0.0,0.0,0.8044726098824113,-0.12106407480470804,-0.023584071544315008,0.029378603075105602,-2.053013232113767,-6.0191368785158925,2.0283412861994536,3.8539506698104042,-6.168348314138405
-2.822099173498473,-0.5727550299971393,-0.03546069021981892,-0.09556591033851299,-0.3873662758393285,-3.829116842554741,0.0815130030550287,-0.01733744018406123,-1.8316474877223952,-4.508090492382294,-3.235552419612313,4.805363731530929,-24.594676279141883,12.217118196839397,-1.9121199445468795,-0.17414944196537002,0.0,0.0,0.33851236269473195,-0.14335178317216116,-0.008689617942633919,0.0068726752849438315,-4.723017255642962,-12.744890041987455,1.7436402590084414,-7.277347908133406,-13.933186182562707
-2.3896061406895397,-0.9451276614954357,-0.02433774135021158,-0.008007613257056963,-0.39673737212633803,-6.750023254003804,0.07578177780589297,-0.017186886021380333,-1.849155868334229,-7.19823970511088,-17.72129986694374,5.230826018599458,-14.808684282853381,10.026909507858893,-2.872623123177459,-0.19980198001472624,0.0,0.0,0.06531720989720108,-0.1606876109819201,-0.007419471830953991,0.040679123544378755,-9.469946151102729,-26.265134628974653,1.5883072437682482,3.4401726250623956,-13.771600091966658
-1.8969254367791852,-0.5549747571547475,-0.021096146684453112,0.1958047392747181,-0.2040888820327757,-5.079557544283192,0.1465522199454703,-0.01733744018406123,-0.7107330885858941,-3.587396052069741,-0.8802532078425839,6.159851663590648,-14.076214926121606,15.251024211101042,-1.2856276543602259,-0.10866743668578074,0.0,0.0,-0.2211036515699074,-0.08065162171433012,-0.0020074908049267258,0.04289026346864204,2.507800225393592,14.849040582270941,1.4587403550780453,-9.008400331681493,-10.50043424267628
-1.8688755705270115,-1.0337629934787733,-0.03556447665610764,0.13017047331945555,-0.3412776475219995,-4.682123454995917,-0.05031685777002386,-0.017052482364660816,-1.656701578705909,-4.578039232675339,-21.72098719865989,6.974006115941241,-2.5252436103995737,11.308012211235114,-3.5785112196393714,-0.19287167107940997,0.0,0.0,1.1129046188721592,-0.0878762622836403,-0.029897832894868966,-0.019444281363628402,-7.454498277687983,-20.966027594377913,1.6682607386573594,0.45398582934395554,-1.3636494583564909
-2.1693520750709387,-0.3411830538838352,0.02667580842270208,0.01904702367949692,-0.5160350306173952,-1.6195851978116775,0.5132146142869456,-0.15915435321889734,-0.8297879187916121,-1.750509155963428,-5.605779353657983,2.5183632264483475,-3.7830066421176265,-27.604463926950825,-1.9690320451613716,-0.14822761019935207,0.0,0.0,-0.03932587243870607,-0.09368712163866412,-0.004673096725860158,0.03272751569846212,-5.935872865687293,-11.80467789465558,0.07206001392906773,-22.640055942336478,-4.214602846909062
-0.7308987888265217,-1.8738142399144488,-0.3447891800241152,0.14380768628933854,-0.30725452929778174,-2.352117821307418,-0.010480807912781546,-0.01728322715287568,-0.9001216828639333,-2.4125543150062825,2.1675956962025245,8.948082684133304,13.75323060352609,20.728559562152313,-1.5552766758268979,-0.11583582719582482,0.0,0.0,0.7555556131464986,-0.023552146006087134,-0.03565213123991359,-0.015174043976778599,-1.6960836349903203,-0.3884257777596028,1.525272124801082,6.792517999337464,4.155838823977423
-1.6742799862339413,-0.5834804903051918,-0.004938501784045244,0.2791888963079974,-0.19075842177450533,-4.475813955592299,0.09925539667218812,-0.01798073396657866,-0.32720233725156883,-2.140251087872191,0.7864697756734637,7.255930786459234,-7.683254214094524,17.928856857346247,-1.243844286368658,-0.11030241312767214,0.0,0.0,0.09911259357216731,-0.049805564523438664,-0.005932337575641497,0.02958798792457133,3.9438642431846063,12.069467174107817,1.3924893875714432,0.12846906190262386,-6.8683475213285785
-1.5473804852102016,-0.14214703114161487,0.021900457520250202,0.07335912097662721,-0.45996387025506613,-1.910570710068476,0.15443918890689423,-0.01751508821936728,-0.742618509636538,-2.2490903589221376,-4.82155912586357,3.9304341620929435,-0.8131828381860375,-13.28718757472702,-2.0933068733100146,-0.1922343121634387,0.0,0.0,0.5593633513184478,-0.02889701576380176,-0.013620934968614704,-0.010594580224798056,-5.157336862294017,-13.835156155566146,0.8953968811349167,-11.915251530451513,-0.3417561959741971
-1.7835463582892086,-0.6323529983773514,0.03281484992223424,0.13038715469874607,-0.3430021072211181,-3.935923903097133,0.33234458801478317,-0.017052482364660816,-0.9232830745705102,-3.040727311975019,-15.995241684885778,7.849121059954685,-0.7897550636699555,10.292760887858135,-2.4206200949898973,-0.18926904201884723,0.0,0.0,1.4353436531421955,-0.038435545829896035,-0.01313509354999049,-0.012464560793374232,-3.5254364329433527,-16.77840419838188,2.231865409859396,2.878529349346471,-0.3274856227819026
-0.8675705952125654,-0.15253016307766992,-0.01444420970565262,0.07354862826944705,-0.32983452317502276,-3.5689725647676656,0.042198248692000485,-0.017052482364660816,-1.4309035588920065,-4.135210869847847,-10.26002439234134,9.938331737308614,0.7024588523979792,13.832260616090922,-2.018035678759695,-0.1917942651022701,0.0,0.0,1.3424886400129608,-0.03194511119981407,-0.015187546795291834,-0.015618000800188873,-1.6732347758022772,-14.831154910823399,2.5101192682433036,7.121182772569934,0.8020262960950999
-0.8488734386048131,-0.14059544821551104,0.0130879025228923,0.2062832983452614,-0.3356524294625823,-3.2576295656183567,0.042979420896139826,-0.017052482364660816,-1.363317488633984,-3.1136361383359787,-5.072356784302948,9.93442732784602,0.9498624267147442,15.174192560901846,-1.846783266662374,-0.15640692870342182,0.0,0.0,1.3507737059509888,0.024407866923223616,-0.011070569422245427,-0.015618000800188873,1.9033567977309833,-11.971150665981941,2.5590338335492313,7.990651424866615,1.3588820610475576
-0.5142117775303329,-0.4114391241194396,0.013214888646135946,0.11412589490265379,-0.3163614587742535,-1.968418953836232,-0.016042279388172886,-0.01728322715287568,-1.042292592943596,-2.749269747890903,-2.3846458919942557,9.246948000836163,2.9863282598606413,17.031609692738442,-1.3017211363468055,-0.16483209656332345,0.0,0.0,1.8235076249086193,0.0009947666728080994,-0.03565213123991359,-0.015174043976778599,0.24172574605495128,-4.261254909159156,2.823011041908425,7.6297941768131565,2.003596573700106
-0.4857602353477357,-0.40580771410840893,-0.012635200438833174,0.1454916985544568,-0.3246138638197437,-1.968418953836232,0.02019459766921667,-0.01728322715287568,-0.6767096636352066,-2.5807069654009593,1.510714942574434,9.095443402171075,3.1650000972443104,17.13606081960598,-1.327363095124791,-0.16689963609137615,0.0,0.0,1.8125148488341445,-0.036716588276921765,-0.03536549295038484,-0.015174043976778599,1.2255915683355327,-1.8845469110525126,2.7989019408535905,7.704155934279233,1.9133033028950885
-0.4774501222045788,-0.36921177010690637,-0.0014609414661650875,0.14567165884928657,-0.3065799079299957,-1.968418953836232,0.0542290211790418,-0.01728322715287568,-0.5124289725010797,-2.3994965780743005,2.0735264370333284,9.181309325943772,3.3265536482492584,18.605024952932332,-1.3034130531560641,-0.16677111597694572,0.0,0.0,1.8370236690519466,-0.013540007673461783,-0.0161846705422419,-0.012029673807983041,3.156262930209139,-1.044901736441775,2.745561501646977,7.411796776423581,2.617228172375731
-0.868479713753916,-0.3706995076316068,-0.001175651855342185,0.27434576207526384,-0.18663944477454206,-1.9019369106337147,0.018782604243780587,-0.01728322715287568,0.04666229564615898,-1.9682717048615286,1.6182060926315474,7.9890354892609565,3.1718240278121517,18.7883874294748,-1.1737658301813847,-0.10852873339857103,0.0,0.0,1.503947781817855,0.016606873217737156,-0.020261633215833002,-0.014330744230899804,5.139810420778486,9.403998464533267,2.3932877735695235,7.152101370491383,0.02469794477185031
-1.0674937406377454,-0.4216388585954222,-0.0003683509642371135,0.2791888963079974,-0.18663944477454206,-3.4902247239091486,0.018782604243780587,-0.01728322715287568,0.012290108224671982,-1.9671727363390157,1.4542521438355773,8.542087174134151,2.4591214803147303,20.617220782783058,-1.1635920004289855,-0.10345684824886994,0.0,0.0,1.2231077990669328,0.03875656936555365,-0.017684275512782344,-0.009896508115536948,5.2641398058519435,13.10331374456287,2.246483043973053,7.490339307454739,0.473711014499828
-1.9700083906826134,-0.03515432878619271,0.02548194237500293,0.06083227315413516,-0.5148556056842976,-2.0684621483981918,0.2651985368196055,-0.13954388045285457,-0.4364779709716063,-2.0946981174999943,-6.841294989508903,3.3886029125907293,-4.10913572282052,-13.295662444978817,-1.8875530565988041,-0.22078008208598252,0.0,0.0,0.33486676752045297,-0.015823593020190405,0.0004172767281595952,0.032209375268812894,-4.159487675459575,-13.488613073295364,0.5789170167924559,-18.29153026494005,-4.296198375973778
-2.1085642024721203,-0.2813524736412467,0.037467092539191706,0.1311088133506503,-0.3533188454466279,-4.144360716541792,0.3192491100850164,-0.017052482364660816,-1.0719808184341624,-3.558229401327758,-14.134736114096373,6.242313741486141,-7.0146571155660595,9.479223175506476,-2.360038003410803,-0.1971471821216809,0.0,0.0,0.690608103853018,-0.10593609425052844,-0.0006111055368234527,0.031118278594053073,-4.783683205175709,-17.31377616156317,1.7094461313068043,-0.5859743264413636,-6.103290926343925
-1.2909772149604801,-0.48165551581805655,-0.008588675666945165,0.07354862826944705,-0.3196286900232641,-4.0280859807056375,0.07616765553737487,-0.017052482364660816,-1.5702382383376652,-3.8023073874371702,-10.606033373531588,8.150376323091024,-8.105589134217736,13.075707048202608,-1.8944684298024586,-0.19863982998107227,0.0,0.0,0.5647833541685235,-0.10993104862003433,-0.0046633844304518075,0.028934646251695333,-3.0411557085107352,-15.06721597285972,1.9789393925390488,5.058087818504393,-6.2420410365832995
-1.2883662705158998,-0.39086562983728085,0.01915250596193963,0.13185530555700042,-0.31859991105167434,-3.7214382160181754,0.08685820348244483,-0.017052482364660816,-1.5391903372752818,-2.909002153604677,-4.752070364793372,8.711459960041221,-7.821009677529683,14.215628575438393,-1.745748192545202,-0.163252493582224,0.0,0.0,0.5864722896103337,-0.04397173786234935,-0.0005464070574053897,0.028934646251695333,-0.9792431504037884,-12.916228306660198,2.0848489879489804,5.448954928669831,-6.060915398102078
-1.0961269492183516,-0.5568632235979943,-0.018495266926260794,0.14464256930959618,-0.31653981406165377,-3.21676798744169,0.07491783215655784,-0.01728322715287568,-1.2628599929328714,-2.4876092873384725,-0.30763686286279246,8.54612455201847,-9.658252571683558,14.625732787316295,-1.6659104818714232,-0.17641190317012315,0.0,0.0,0.8008973917551252,-0.12276640237347125,-0.023584071544315008,0.029378603075105602,-1.9574981053504514,-6.568532112248323,2.0283412861994536,3.9548546252087404,-6.052001016474751
-0.9677096855513531,-0.49317489008408166,-0.016698350429344932,0.1454916985544568,-0.32837357547483526,-3.21676798744169,0.10559323773855606,-0.01728322715287568,-0.8924071319171437,-2.303245665470034,1.224771388353956,8.978858761343849,-8.030049902225459,14.697595275350743,-1.4541831397639817,-0.17374520097017837,0.0,0.0,0.8248923997871546,-0.10822737209560872,-0.02347520692613383,0.029378603075105602,-0.053290629897752094,-4.779302280068841,1.8150051374982548,3.8554143740723372,-5.567748865829193
-0.9644004774976238,-0.5202726716063799,-0.005524091456676862,0.14567165884928657,-0.31360326476413547,-2.899213626212438,0.14031994343442708,-0.01728322715287568,-0.8288769667543391,-2.1427099435083545,1.6240302371861057,8.861825660703317,-7.869522322308719,16.832248703346693,-1.4034251532705475,-0.17361668085574794,0.0,0.0,0.6727914017921722,-0.08473785307733402,-0.004294384517990895,0.0316243110250231,2.1110322255996463,-4.2489912997609505,1.8971575812636483,3.463160623768195,-5.181119310428743
-1.457858300721038,-0.5217604091310803,-0.0052388018458539585,0.24049778861332155,-0.19034960886699437,-2.899213626212438,0.09949111229386536,-0.01728322715287568,-0.3284843741850841,-2.13885939937558,-0.32291213731767765,7.748404953500586,-7.699087289954576,16.537364124197744,-1.3819060905786047,-0.11537429827737322,0.0,0.0,0.05741282243294682,-0.05459097218613494,-0.008509695278692149,0.0314570465238129,2.742621022495109,6.100818280770965,1.46185009944735,2.84849816041451,-7.102175625412174
-1.457858300721038,-0.5834868108323127,-0.004938501784045244,0.2791888963079974,-0.19075842177450533,-4.475813955592299,0.09925539667218812,-0.01728322715287568,-0.3280306441681025,-2.139874497566408,0.7711259750976097,7.254192719321787,-7.715302187287487,17.928856857346247,-1.243844286368658,-0.11030241312767214,0.0,0.0,0.06504074836568031,-0.049805564523438664,-0.005932337575641497,0.02958798792457133,3.2050804172131504,12.500494490015274,1.3924893875714432,0.3449341715733215,-6.910515590011263
-2.2868516102352214,-0.10026195070507138,0.023275579288290615,0.024838438384298597,-0.532803753944947,-2.5897581747500413,0.2794337078015665,-0.14015615676090007,-0.5927172618435703,-2.677252924480829,-7.280195279607838,3.3037150813699534,-6.16112033626558,-15.37021319447522,-1.9116529355164005,-0.2199960251793171,0.0,0.0,0.1347823066506606,-0.06565355755329427,-0.003938286551974294,0.0378339046682596,-4.50891186103215,-15.086416458575501,0.22757898647957064,-19.513665142107556,-7.955510217950894
-2.37314708800602,-0.21722972439250512,0.014649222689826182,0.0903460823837333,-0.4421632938813385,-2.8838518774191146,0.360204441732737,-0.017186886021380333,-1.2217696573025232,-4.504647849722466,-13.509923857010579,4.331767371366098,-10.011005614436424,10.222058024543173,-2.315060632768433,-0.1909047480828595,0.0,0.0,0.37810589799185906,-0.16826301302656796,-0.005766117201268049,0.0366312796307767,-8.021241617222671,-22.03844992533389,1.4534015016279669,-6.6006154531173,-10.924307878235938
-1.8016965439909733,-0.5025947300139446,-0.025361730009423496,0.03557486081611829,-0.3883680395557463,-4.456312480963537,0.09665453882755855,-0.017186886021380333,-1.8633293084750755,-5.67253012810932,-11.091375551879876,6.073967425152202,-16.94409957601957,11.81447509832464,-1.9110814833748428,-0.19904407097626392,0.0,0.0,0.38013163559208923,-0.13241981690287577,-0.007601701413684172,0.05666916482708504,-4.601628640250612,-18.510537792301047,1.8902127930884967,4.064765033558793,-11.965594747476672
-1.8848930122225411,-0.413688311311364,0.002437567646772466,0.07709453809482675,-0.385713463431278,-4.147652897995482,0.10156107128438728,-0.017186886021380333,-1.8570127748071459,-4.706066791893497,-6.39427685337099,5.428759212018412,-17.1553780504161,12.74039923686805,-1.7827735928999002,-0.16365673457741564,0.0,0.0,0.36966904534621914,-0.08004877677198793,-0.003484724040637752,0.05666916482708504,-2.3009627843066274,-15.882991508366729,2.10697889932063,3.1484078209127375,-12.38633894760331
-1.6216568324156264,-0.579685905072078,-0.03364941284882787,0.05912654461383717,-0.3845351985512742,-3.4749593237396534,0.09058987130537055,-0.01733744018406123,-1.5512005270698366,-4.254091389903414,-2.371748227428094,6.467618141493754,-19.66843872608461,13.11512621988027,-1.7707256078652873,-0.17414944196537002,0.0,0.0,0.4489632457750781,-0.14458996896871149,-0.012907439030104842,0.059267272351840455,-3.8126338154484842,-9.406994812197414,2.052395890981994,1.2317908626525638,-10.64643936276025
-1.40676037476714,-0.5729654576986742,-0.033026363420670224,0.05946518567124494,-0.3983081457446706,-3.4749593237396534,0.12055769626103197,-0.01733744018406123,-1.2621353543069391,-4.015856556183181,-0.5117922906741085,7.008478038584674,-17.169810114946422,13.17800695527194,-1.5166443619389705,-0.17414944196537002,0.0,0.0,0.4727266104896635,-0.13175326625961206,-0.01114874229701202,0.056633697873979996,-0.019347625073633908,-7.299073346123041,1.7095855539727283,-1.7225966787239808,-9.978598114907006
-1.409866039928909,-0.49778142678967374,-0.020968303397505092,0.08284165107259912,-0.37962593636159553,-3.5115624813254898,0.14719453807995428,-0.01733744018406123,-1.1986177640242106,-3.962367920809408,0.2600568635516441,6.7698155506271345,-17.242067305737585,14.642777752725161,-1.4661355612876033,-0.1740209218509396,0.0,0.0,0.4548748522967217,-0.10826374724133754,0.0011323362525326789,0.05840667057641539,2.100786768931065,-5.722243718844852,1.8070958818637717,-3.5344568405422385,-9.970210917370206
-1.8969254367791852,-0.5575899791868718,-0.021339497948912583,0.15663318515451902,-0.2040888820327757,-6.346133613413993,0.1465522199454703,-0.01733744018406123,-0.7261725152791698,-3.5893083880815735,-2.883256455122987,5.951991619399894,-13.722229512791682,14.83266765126023,-1.2784741055727282,-0.10866743668578074,0.0,0.0,-0.22405519718626948,-0.08065162171433012,-0.004849359822552865,0.04634787896152964,2.0844185385254406,13.296369561961859,1.3481745522241204,-9.19744742377929,-10.437021126950198
-1.8969254367791852,-0.5549684366276266,-0.021096146684453112,0.1958047392747181,-0.2040888820327757,-5.079557544283192,0.1465522199454703,-0.01803494699776421,-0.7109677092043001,-3.5893649745072436,-0.8677378367360397,6.1632135302618,-14.071649872300076,15.511673101468562,-1.2856276543602259,-0.10866743668578074,0.0,0.0,-0.2211036515699074,-0.08065162171433012,-0.0020074908049267258,0.04289026346864204,2.993351246035547,14.591689494127102,1.4587403550780453,-9.519890236086116,-10.495340723394035
-0.8081662249733056,-0.5364221818635013,-0.009956355953729703,0.1454916985544568,-0.32933802467255757,-2.899815860170304,0.020913001203419053,-0.01728322715287568,-0.6692256631915956,-2.241320588847602,0.7466974974296764,9.491988076737453,-3.524515456569587,15.011177479913478,-1.8193625232749433,-0.16689963609137615,0.0,0.0,0.8852092981248442,-0.10179611259642363,-0.0328156504860078,-0.013987297958163234,0.7617176381397386,-3.10397557197752,1.602799443226786,5.677842057387112,-2.9254104576080437
8.175542644026473,0.3014800945601546,-0.027070625142205863,-0.6484146168099587,-0.16252268467097372,5.073826780093682,0.38728114807702385,-0.006762769467398663,-2.084863909849771,2.930225553537122,-6.3451605158885815,12.76466527768365,0.2682509755497606,16.070934807902525,-0.2159323953317051,-0.09699370036847037,0.0,0.0,-3.523414743298275,-0.001443531196733008,-0.0019193084382235456,0.027070024519534882,13.735555952316497,32.728170298941855,1.2713156545061044,20.851534765687454,4.0006520555594065
8.24863733722765,0.3291107423850627,-0.025339692795974148,-0.7093520762965291,-0.15528550418057485,5.219649655861285,0.4185766871700761,-0.006762769467398663,0.5416537313708525,4.643554471333862,-1.2400630273227435,12.75539947939778,2.4841005226123274,16.73937720251625,-0.16279478776418388,-0.09699370036847037,0.0,0.0,1.2104453443622236,0.02399792105277698,0.00015143100363747123,0.027797580375071202,15.2783357259149,32.29755999243883,1.5271927410450987,23.191974082196626,5.17476302821756
8.510932234355616,0.31057228868564846,-0.02824456289648804,-0.7096366672148843,-0.1546437552589168,5.086155221427582,0.41827648691509894,-0.006762769467398663,1.8437535608650162,5.675388828757008,-5.259747287047587,15.439308233540151,2.049402296256882,16.835814694368736,-0.17263348213904708,-0.09699370036847037,0.0,0.0,2.258427684145625,0.01182340638799228,-0.0019193084382235456,0.026493975414579183,14.891807446488173,33.38382916868137,3.3635502100668684,22.682262408336705,4.634115224193081
6.660160796409721,0.1741907200112385,-0.008232179847178672,-2.024250608177873,-0.19104508031668904,3.0849048353796507,-0.07368517032613253,-0.009116594612354147,-1.9852175307559425,0.13775264828258896,-9.641799741108274,9.188917592696344,-9.809283128511083,15.824716861957036,-0.2549959621496753,-0.09648004353465191,0.0,0.0,0.3721236983420805,0.046598329767761494,-0.0016223170536044447,0.02351363016063077,-0.819895770851368,12.581996020316783,1.3892884297680863,5.691209579641769,-9.564246488429568
6.7784612859561415,0.18164738225096594,-0.008109183369027552,-1.862633134003583,-0.19104508031668904,3.0849048353796507,-0.07368517032613253,-0.009116594612354147,-1.9564507775241546,0.46595369779238294,-8.516083644375986,9.227074854065496,-9.245207145002553,15.861234940989107,-0.24875749280295886,-0.09648004353465191,0.0,0.0,0.3904050033126677,0.049034884341501925,0.002160163386130374,0.03910522308726851,1.3448146491756978,14.158972804671267,1.4389103212365615,5.964567513916458,-7.8196956313758035
6.776769216871059,0.18164738225096594,-0.008227917762559248,-1.862633134003583,-0.143455871637882,3.2837684130640743,-0.07368517032613253,-0.006708556436213109,-1.0644265654449137,0.6947819439154326,-6.587233582024519,9.328313511631697,-7.716736517377096,15.659365757238298,-0.19471895700811725,-0.09648004353465191,0.0,0.0,0.3985979405173209,0.06342375165351774,0.002160163386130374,0.03910522308726851,6.992344859064633,14.14343863878368,0.9697176046790222,6.298941408615379,-8.455805367366143
6.776769216871059,0.18164738225096594,-0.028230556547726684,-1.1587964594163735,-0.143455871637882,3.4921615288366197,-0.06281876621461428,-0.006708556436213109,-1.0025712325102576,0.835878668296967,-4.979559689544589,9.554191004354825,-8.05642418164543,15.730057687049815,-0.18861224683456346,-0.09648004353465191,0.0,0.0,0.3985979405173209,0.017030340456588286,0.002160163386130374,0.0237942310666711,8.17216017899186,17.07842223034977,0.9712014541622499,8.06160414789772,-8.569550614246994
7.700579346968696,0.17855977255577637,-0.025794604129085637,-1.305871161179874,-0.1463547236751163,3.678855047887562,-0.05703872840927524,-0.006708556436213109,-0.6699599925876263,1.4440355516834522,-3.36730011347263,10.556133597916995,-9.255507986562538,15.913983177028461,-0.21958458857842156,-0.09813311779585665,0.0,0.0,0.5077676359608215,0.009008318319361665,-0.0022148612714363893,0.020691243192521223,10.183340356648007,25.997008977858716,1.03302196521495,7.458821812150752,-9.027791510051108
7.75046488731761,0.17999243977288204,-0.024307490200642136,-1.305871161179874,-0.1463547236751163,3.725164068087822,-0.055135291995134436,-0.006708556436213109,-0.6707726180602378,1.4834691694368896,-3.3497566586514362,10.568510950689669,-8.149368353488265,16.091327989844334,-0.18323227417155735,-0.09813311779585665,0.0,0.0,0.8876337828479627,0.009008318319361665,-0.0022148612714363893,0.020691243192521223,10.976381653199665,26.672850814996988,1.0386536989492763,8.338927193059494,-7.278050942005046
7.997559378739358,0.18014465743251912,-0.024083510114415993,-1.2164848944690196,-0.1463547236751163,3.725164068087822,0.13446118887760497,-0.006762769467398663,-0.6707726180602378,2.935869822753773,-3.05275188339831,11.093928538528788,-5.818496873696872,16.329633354608422,-0.17988855905100423,-0.09813311779585665,0.0,0.0,0.8913705114273633,0.008904457564879871,-0.0022148612714363893,0.020691243192521223,11.017889989379166,27.331195869867248,1.039208180607964,9.261279499559343,-4.716880152948768
7.997559378739358,0.18014465743251912,-0.024083510114415993,-1.2164848944690196,-0.1463547236751163,4.079823811278667,0.13446118887760497,-0.006762769467398663,-0.13031085585326146,2.9365772347478134,-2.8527294170706785,11.576075257448707,-4.647147270294985,16.390273130679006,-0.17988855905100423,-0.09813311779585665,0.0,0.0,0.9258875920484466,0.008904457564879871,-0.0022148612714363893,0.020691243192521223,12.351967267720687,27.98386437920752,0.9785738835491847,11.733061358032346,-1.2244166078552068
8.033170452409205,0.17819584699293028,-0.024083510114415993,-0.8565756757938843,-0.15912724821306243,4.816842351287822,0.13446118887760497,-0.006762769467398663,0.025410318258361226,3.7540674292828746,-1.6276143954338174,11.855805734271481,-3.6340552096415517,16.290458075387185,-0.18285675117434516,-0.09813311779585665,0.0,0.0,0.9377774004987507,0.007534858602801547,-0.002024925781069261,0.02065132533178209,12.65237797557026,29.96097281889545,1.1957723357758725,13.530331851693825,-0.46732749447694844
8.033170452409205,0.2887041348383473,-0.024083510114415993,-0.8565756757938843,-0.1540360685924396,4.816842351287822,0.13446118887760497,-0.006762769467398663,0.265222824734602,4.5607216617359985,-1.467854069219196,12.474532351850625,-1.5388761855036523,16.414600941596454,-0.18285675117434516,-0.09585717201773827,0.0,0.0,0.9384538329672036,0.010524290569482123,-0.002024925781069261,0.02065132533178209,14.234348771832227,30.238862470337505,1.202241988833112,16.213071192480264,1.022443491083851
8.223074994547854,0.288567299737041,-0.02280138456716567,-0.6341084311459594,-0.15460574885913847,5.192274921117145,0.4185766871700761,-0.006762769467398663,0.24979549610990393,4.6336194374216655,-1.4755894600291433,13.364781875237433,-0.12668246267019112,16.428253480212334,-0.18565252620805298,-0.09585717201773827,0.0,0.0,1.0017447615043813,0.022943686727656485,0.0024112304472227158,0.027797580375071202,15.619602245752425,32.087041623340404,1.3735307200442184,18.797222411498883,1.8201134496170712
8.245136707411,0.3332103788862332,-0.012237910918590824,-0.6351579443433321,-0.15535708944562907,5.219649655861285,0.4185766871700761,-0.006762769467398663,0.4435529473611091,4.663987054520025,-0.9864580426901814,13.47154944020506,2.765743198393592,16.559003292440817,-0.13009552642528785,-0.09585717201773827,0.0,0.0,1.1819799248579514,0.02245250061357892,0.003026505906170508,0.027797580375071202,15.901812140048468,32.666760852964934,1.5133342743883755,21.9309271423269,2.56810925967592
8.252965655236807,0.348136312867158,-0.025023538452062396,-0.6310402286967165,-0.1547865782562247,5.219649655861285,0.4185766871700761,-0.006762769467398663,0.5658942832895525,4.677017016352098,-1.1433240643488534,12.96031798258867,3.9045760052377747,16.796833764867298,-0.14487858461297012,-0.09585717201773827,0.0,0.0,1.2243628385258374,0.025490840419281725,0.003992020899652217,0.027797580375071202,15.571286992103659,32.42684610728416,1.6192543397181969,25.540060606965646,5.968550055479354
8.257846738532947,0.32898987820034126,-0.025230786572123496,-0.6920901046412535,-0.15528550418057485,5.219649655861285,0.41801404219577826,-0.006762769467398663,0.5403902802404444,4.99241626253505,-0.7781262298950705,12.75535444166977,2.880369535404727,16.85193421264615,-0.15339270335385097,-0.09699370036847037,0.0,0.0,1.2017588893063258,0.023469839442481624,0.0013012100298482158,0.020924422846153038,16.05649039924643,32.534343406235784,1.6930603999097067,23.911314161216378,5.295277332236128
8.243829865929749,0.30759551085573406,-0.02700091355524609,-0.6892101179403393,-0.15528550418057485,5.219649655861285,0.41801404219577826,-0.006762769467398663,0.5289907100959697,4.920502346737914,-0.8991216572889168,12.753013396873973,1.3846694056768865,16.836472530075604,-0.15339270335385097,-0.09699370036847037,0.0,0.0,1.091591125642731,0.023469839442481624,0.0013012100298482158,0.020924422846153038,15.8232149077442,32.52717477637809,1.5887181093175786,23.041931922358057,4.637651181934065
8.242691695542911,0.18858356501927254,-0.027094729621752755,-0.7178363364288507,-0.15906674433705528,5.219649655861285,0.41801404219577826,-0.006762769467398663,0.501989123755476,5.003362629772291,-1.0989902416006034,12.662740164578125,0.4462678043933071,16.7201191926627,-0.15575723198756605,-0.09699370036847037,0.0,0.0,1.2031006174726024,0.009774942749644659,0.0013012100298482158,0.020924422846153038,15.367210969015566,31.57667706233169,1.599509462406842,20.330125576248907,3.733800269383767
8.322536296713196,0.18858356501927254,-0.013492039189620851,-0.703317193230747,-0.16235050898617354,5.219649655861285,0.41801404219577826,-0.006762769467398663,0.24430733281834843,4.4944857890623,-1.2504708532861046,12.662740164578125,-1.32804427189699,16.491932787269132,-0.18575079616277798,-0.09699370036847037,0.0,0.0,1.2027987045486275,0.009774942749644659,0.0013012100298482158,0.020924422846153038,15.041731977355536,30.94423006837257,1.3139601172342719,16.155873191594893,1.0059139324146762
8.322536296713196,0.18858356501927254,-0.013492039189620851,-0.7115086209003447,-0.16235050898617354,4.960701949489592,0.406685421457619,-0.006762769467398663,-0.205666475027511,4.485827890207221,-1.4620095341894914,12.029662114253133,-3.761058949796967,16.417139978097158,-0.19505356341086377,-0.09699370036847037,0.0,0.0,1.1911245217454438,0.009774942749644659,0.0013012100298482158,0.020924422846153038,13.903552772202389,30.35990932814789,1.1460030675617787,14.494618006801417,-1.5507022006720728
8.322536296713196,0.1890370630164415,-0.02264439047003099,-0.7115086209003447,-0.16235050898617354,4.452698985466687,0.40930363018188615,-0.006762769467398663,-0.205666475027511,4.464878008950902,-1.4387387120934512,11.183397667323566,-5.935855815482738,16.320729496221666,-0.19505356341086377,-0.09699370036847037,0.0,0.0,1.1911245217454438,0.009774942749644659,0.0013012100298482158,0.020924422846153038,13.709594465313158,28.471147692718183,1.1460030675617787,12.996863214343485,-4.707613646181752
7.981248457504513,0.1890370630164415,-0.02264439047003099,-0.7115086209003447,-0.16235050898617354,4.177909240930811,0.07062458973785456,-0.006762769467398663,-0.21071558526073922,3.8544024085792232,-1.5827500006264792,10.88197058860295,-7.488323322771865,16.15682865406096,-0.19505356341086377,-0.09699370036847037,0.0,0.0,1.175978250811305,-0.06503540241647639,0.0013012100298482158,0.020924422846153038,13.06548543074433,27.73103134042161,1.1407753319071356,11.875919933649428,-6.50911955545168
6.727629316565277,0.1890370630164415,-0.02761265438455243,-0.7115086209003447,-0.16235050898617354,4.177909240930811,0.07062458973785456,-0.006762769467398663,-0.7221285979864733,2.660036916285174,-1.6803781153404014,10.939203669841577,-9.681686933532571,16.080340613958946,-0.19505356341086377,-0.09699370036847037,0.0,0.0,0.9970308831345011,-0.07486788632462991,0.0013012100298482158,0.020924422846153038,11.845850250738406,25.3435140280749,0.9986469870260448,9.77563235710782,-7.453448564109364
6.892748495604597,0.1890370630164415,-0.02761265438455243,-0.7115086209003447,-0.13033618273294773,3.9002209155247094,0.07062458973785456,-0.006762769467398663,-0.7304359817105459,1.6531683972428841,-1.5202161273180015,10.280952594268287,-8.307519318235137,15.66383525681797,-0.15672736971849555,-0.09699370036847037,0.0,0.0,0.9965413033299442,-0.07486788632462991,0.0010074912634369098,0.023279030375636483,10.104057373438321,20.341057805664395,0.9726202794889851,9.011628517398895,-8.062294957669952
6.892748495604597,0.1890370630164415,-0.02761265438455243,-0.7115086209003447,-0.1307803601788335,2.5704947400439133,0.07062458973785456,-0.006762769467398663,-0.9129621488949266,1.468348387656247,-1.3327564644282726,10.155839574491946,-8.113794995668961,15.771190821510947,-0.11491015808053676,-0.07679186232671867,0.0,0.0,0.4025876333795512,-0.10446052451449127,0.0010074912634369098,0.023279030375636483,7.641780966631469,15.002860002402365,0.9497108780292254,7.942503534863039,-5.148307616367906
5.9696917155045375,0.1890370630164415,-0.02761265438455243,-0.7115086209003447,-0.1307803601788335,2.4631745150921405,0.07062458973785456,-0.006762769467398663,-1.1484590064071176,1.5225828459438777,-1.333253146620018,8.503733176311616,-5.708575340649825,15.837940411997293,-0.10789877703707187,-0.04995646721629309,0.0,0.0,0.2162618207177985,-0.10971364859635176,0.0010074912634369098,0.023279030375636483,7.6144811374086,11.559700843217264,0.9643310765186803,6.597596150256396,-8.510047031450807
5.9696917155045375,0.1890370630164415,-0.02761265438455243,-0.7115086209003447,-0.1307803601788335,1.6856877034684372,0.07062458973785456,-0.006762769467398663,-1.2913755174877646,1.5225828459438777,-1.333253146620018,7.74407248104645,-6.700284788721041,15.553749118598756,-0.10789877703707187,-0.04995646721629309,0.0,0.0,0.12477842678229621,-0.10971364859635176,0.0010074912634369098,0.023279030375636483,7.211954166805652,10.63954215771954,0.9040260345590279,3.683536908013363,-8.69973190812867
5.9696917155045375,0.1890370630164415,-0.02761265438455243,-0.7115086209003447,-0.1307803601788335,1.1497352424233744,0.07062458973785456,-0.006762769467398663,-1.2913755174877646,1.5225828459438777,-1.333253146620018,7.74407248104645,-6.228852142422309,15.00179841553986,-0.10789877703707187,-0.04995646721629309,0.0,0.0,0.12477842678229621,-0.10971364859635176,0.0010074912634369098,0.023279030375636483,7.211954166805652,9.07691636847013,0.9040260345590279,3.0169384399542447,-12.818843527233485
5.959873725044636,0.09140555514688013,-0.02994057734671114,-0.7115086209003447,-0.1307803601788335,0.9643810398086498,0.07062458973785456,-0.006762769467398663,-1.8110399786632292,1.2320381536541791,-1.4023211287783717,7.7406959963689,-8.533273629606086,14.937492521925545,-0.10789877703707187,-0.04995646721629309,0.0,0.0,0.12477842678229621,-0.10971364859635176,0.0010074912634369098,0.023279030375636483,6.037007081503766,8.786584941231519,0.9040260345590279,3.7611977754222194,-14.235964370589276
5.959461217201337,0.09126304884109927,-0.02994057734671114,-0.7115086209003447,-0.1307803601788335,0.9643810398086498,0.07062458973785456,-0.006762769467398663,-1.8542007953100184,0.9950243600872914,-1.408190741498017,7.202503005195143,-10.100626001276314,14.769573033737766,-0.13041467942163423,-0.04995646721629309,0.0,0.0,0.0053854495819641735,-0.11904140091979315,0.0010074912634369098,0.023279030375636483,5.74130685085937,8.225284768885075,0.8830898474974926,3.179307404627067,-16.42673439903085
5.959461217201337,0.08221749633796847,-0.0323797972577516,-0.7430437283611283,-0.13108452678542548,0.9575827780310614,0.07062458973785456,-0.006762769467398663,-1.8533489465921518,0.9892726563023163,-1.4586884993598763,7.19919613338208,-11.834786856438784,14.594251634180264,-0.13859959999752766,-0.04995646721629309,0.0,0.0,0.0052692163947705185,-0.11904140091979315,0.000215247458734842,0.02278210686762498,5.708959764207946,8.152625755326149,0.8750312790887823,2.6260744218699292,-17.607854644178776
5.984486516312123,0.06578639603796549,-0.0323797972577516,-0.741046434883261,-0.13091797684866266,0.9575827780310614,0.07062458973785456,-0.006762769467398663,-1.8536653195607868,0.9955014132556931,-1.477095429552793,7.19613112819705,-12.623365856572038,14.588431109400148,-0.156050374295487,-0.04995646721629309,0.0,0.0,-0.014180124431727833,-0.11904140091979315,0.000215247458734842,0.02284146312622312,5.484068595906124,8.196430391369526,0.8647830855227504,2.645959661721245,-20.01931302512083
4.617010161657898,0.13750948946927022,-0.026052123583057248,-0.7010092621385958,-0.129795051822908,0.9575827780310614,0.0741486166343188,-0.006762769467398663,-1.4456653015147811,-0.49244090844842464,-3.6153959172469436,5.50049322065138,-11.756660764774482,13.819569299695459,-0.10859539240628359,-0.04995646721629309,0.0,0.0,-0.12640363109520802,-0.11913313347536793,0.000215247458734842,0.02284146312622312,5.780024671625066,5.7406859668395205,0.8947180303769008,1.8572422503277475,-18.845798572577625
3.8571605787387844,0.13750948946927022,-0.026052123583057248,-0.7010092621385958,-0.129795051822908,0.9575827780310614,0.0741486166343188,-0.006762769467398663,-1.4456653015147811,-0.5574199099219056,-3.6153959172469436,5.50049322065138,-12.323188470591658,13.53377116629641,-0.10859539240628359,-0.04995646721629309,0.0,0.0,-1.0544424604184424,-0.11913313347536793,0.000215247458734842,0.02284146312622312,5.780024671625066,5.254328174712669,0.7973392773964657,-1.8992888639442085,-18.411480050691623
3.353329709166659,0.13750948946927022,-0.026052123583057248,-0.7010092621385958,-0.129795051822908,0.9575827780310614,0.0741486166343188,-0.006762769467398663,-1.6086868079182859,-0.5574199099219056,-3.620142355391864,5.3687486470202614,-12.323188470591658,13.519443089599221,-0.10859539240628359,-0.04995646721629309,0.0,0.0,-1.0544424604184424,-0.11913313347536793,0.000215247458734842,0.02284146312622312,5.718287788660186,5.254319194933555,0.7973392773964657,-2.976121761913334,-18.414886786447738
3.353329709166659,0.13750948946927022,-0.026732551308808063,-0.7010092621385958,-0.129795051822908,0.9575827780310614,0.0741486166343188,-0.006762769467398663,-1.6346083153747062,-0.6819129224101717,-3.6329827443209792,5.140624570674812,-13.331442095215143,13.398370620618266,-0.11066433599797885,-0.04995646721629309,0.0,0.0,-1.0757568215794293,-0.11913313347536793,0.000215247458734842,0.02284146312622312,5.214493372274172,5.312886824749218,0.7931914229167457,-4.092890348004916,-18.800192629708743
3.3184647734017245,0.13120915734178218,-0.026732551308808063,-0.7010092621385958,-0.129795051822908,0.618136465490467,0.0741486166343188,-0.006762769467398663,-1.6422173885415607,-0.6819129224101717,-3.6853647290649825,4.859358805680122,-14.449708078328374,13.32643815334103,-0.11066433599797885,-0.04995646721629309,0.0,0.0,-1.0757568215794293,-0.11913313347536793,0.000215247458734842,0.02284146312622312,5.214493372274172,5.194191559270189,0.7872253830451339,-4.90636265822779,-19.16024411848191
3.294810999689654,0.13120915734178218,-0.026732551308808063,-0.6947540831021124,-0.129795051822908,0.618136465490467,-0.027525603815692412,-0.006762769467398663,-1.743455559466277,-0.673043355775016,-3.7401888288495577,4.6894216162682145,-15.812722574582372,13.275177490556802,-0.1129224568657867,-0.04995646721629309,0.0,0.0,-1.0803458291194283,-0.11913313347536793,0.000215247458734842,0.02284146312622312,5.04822959357831,5.101051947118157,0.7872253830451339,-5.425638201153539,-19.72042092083394
3.294810999689654,0.13120915734178218,-0.026732551308808063,-0.6947540831021124,-0.129795051822908,0.618136465490467,-0.027525603815692412,-0.006762769467398663,-1.869216607392198,-0.673043355775016,-3.8078518836279676,4.6894216162682145,-16.989851065181977,13.275177490556802,-0.1129224568657867,-0.04995646721629309,0.0,0.0,-1.0803458291194283,-0.11913313347536793,0.000215247458734842,0.02284146312622312,4.519641434070029,4.720898355155384,0.7872253830451339,-5.735777422838009,-21.005266588315752
3.294810999689654,0.13144153633606426,-0.026732551308808063,-0.6947540831021124,-0.129795051822908,0.618136465490467,-0.027525603815692412,-0.006762769467398663,-1.869216607392198,-0.6696699768002067,-3.8964368370517173,4.6039856755561885,-18.04939914376139,13.131510402386313,-0.11133148604504028,-0.04995646721629309,0.0,0.0,-1.0803458291194283,-0.12303415353854984,0.000215247458734842,0.02284146312622312,4.519510538443002,4.050122541726873,0.7803648751547994,-6.300452108319391,-21.08257802112406
3.2940073797490914,0.13144153633606426,-0.027249169705201276,-0.6576762133632028,-0.129795051822908,0.618136465490467,-0.026360265111411887,-0.006762769467398663,-1.8099212575088024,-0.5541028946543066,-3.9899733276418807,4.4657548060634085,-19.25397326202085,13.044700114202152,-0.11074151632359772,-0.04995646721629309,0.0,0.0,-1.0852000798710264,-0.12150848497420531,0.000215247458734842,0.02284146312622312,4.235728567593347,3.6142482459499847,0.6889640282266617,-6.398786431329363,-21.97538439386554
3.2940073797490914,0.13144153633606426,-0.027249169705201276,-0.6576762133632028,-0.129795051822908,0.41320287594747596,-0.026360265111411887,-0.006762769467398663,-1.813847141506954,-0.6095697306032506,-3.991017832705942,4.4657548060634085,-19.615191604871896,12.994879367927885,-0.11141646061943584,-0.04995646721629309,0.0,0.0,-1.1011850508367196,-0.12150848497420531,0.000215247458734842,0.02284146312622312,3.829988245415417,3.610350803938718,0.6852958043643669,-7.259381021550059,-22.2140961901412
3.2664391441818146,0.13144153633606426,-0.03600865326962011,-0.6576762133632028,-0.129795051822908,0.41320287594747596,-0.026360265111411887,-0.006762769467398663,-1.813847141506954,-1.0520104081985862,-4.083905940587323,4.376016302222576,-20.724011416262865,12.994879367927885,-0.11141646061943584,-0.04995646721629309,0.0,0.0,-1.1011850508367196,-0.14965208464835053,0.000215247458734842,0.02284146312622312,3.8407793310898866,3.097509761536244,0.6852958043643669,-8.431770875007947,-22.980359066730507
3.2664391441818146,0.13278027033800632,-0.03600865326962011,-0.6576762133632028,-0.129795051822908,0.41320287594747596,-0.026360265111411887,-0.006762769467398663,-1.8128236003958058,-1.048868018458145,-4.086094634012114,4.376016302222576,-21.416697573372524,12.918731800235438,-0.11253055399649929,-0.04995646721629309,0.0,0.0,-1.1011850508367196,-0.14965208464835053,0.000215247458734842,0.02284146312622312,3.8092057674056763,2.9255490092487793,0.6786520959696289,-8.86352711617875,-23.250755117563898
3.2664391441818146,0.13278027033800632,-0.03600865326962011,-0.6576762133632028,-0.129795051822908,0.41320287594747596,-0.026360265111411887,-0.006762769467398663,-1.842605230201506,-1.055371811428747,-4.086094634012114,4.272752823031912,-22.12453220234232,12.896778784937291,-0.11408509313666844,-0.04995646721629309,0.0,0.0,-1.1606741054575838,-0.14965208464835053,0.000215247458734842,0.02284146312622312,3.341682476843846,2.9255490092487793,0.667940724434667,-9.058531620455652,-23.93114854575868
3.2654076067167175,0.13278027033800632,-0.03752496288639819,-0.6576762133632028,-0.129795051822908,0.41320287594747596,-0.03110927348439226,-0.006762769467398663,-1.8492942316876353,-1.0552405263079383,-4.08836731442214,4.273055054711228,-22.96936986404407,12.897388536433716,-0.12096310278274126,-0.04995646721629309,0.0,0.0,-1.1741345288291034,-0.14965208464835053,0.000215247458734842,0.02284146312622312,3.333785090287222,2.7625976696701353,0.6767603376347915,-9.323799995969026,-24.668006186050434
-1.1119621907813628,0.02831341621922786,-0.06217987258548446,0.11887817369916845,-0.17317737288358592,2.5249723484876356,-0.3432423545590962,-0.027855600406254826,2.7716205401709173,3.492040723433614,8.705102066696421,-1.17737688961998,3.351186985175535,-111.05702071537961,-0.2933902123975561,-0.06903246628188482,0.0,0.0,-0.13117631664892593,-0.00011408499955364501,-0.02740784528127911,-0.010034587537900869,-1.85078070308742,8.548083254537598,-0.8368322001195201,6.742230906648379,3.21262754193192
-1.114855975329802,0.04738253616055037,-0.05416732992471494,0.1334032193123626,-0.1738596700686482,2.5249723484876356,-0.3432423545590962,-0.027855600406254826,2.8516426395210575,3.6330394273267546,8.904775812216345,-0.8473685575302776,3.3957910498946475,-102.1864905088004,-0.28042387391442214,-0.06903246628188482,0.0,0.0,-0.103157592086094,0.015401142357987289,-0.0202004085447516,-0.010034587537900869,-1.6030853284931843,9.164037375638593,-0.18708920653800054,7.103544134167044,3.4858532501117745
-1.1111803635127473,0.05857511775741518,-0.06103617702481599,0.12993993271203014,-0.16609636580137555,2.5249723484876356,-0.3432423545590962,-0.025848290534475654,2.9811001273344395,3.568028796650849,8.983784553616143,-0.6549438773514776,3.4832229007207562,-92.1699909571671,-0.28285491744739205,-0.06903246628188482,0.0,0.0,-0.09798681709839877,0.01790589360337066,-0.0202004085447516,-0.008337675221642098,-1.5553218162846487,9.189413779041406,-0.2870305063438651,7.210110236947776,4.195283440582753
-1.0933192866357457,0.0653369404270822,-0.05146664962370159,0.13112162672311517,-0.16609636580137555,2.5411606293926705,-0.3432423545590962,-0.025848290534475654,3.0463483919775323,4.102304278986968,10.062673910640706,-0.6359665675191005,5.231732166366638,-82.12229098281671,-0.2824937512588985,-0.06673858805906101,0.0,0.0,-0.09003897415514042,0.015848262951693066,-0.0202004085447516,-0.008337675221642098,-1.4373866614030542,9.524299297011584,0.251370047091687,7.828373456778904,4.912326700262209
-1.0933192866357457,0.0653369404270822,-0.05146664962370159,0.13112162672311517,-0.1651852159908047,2.5694520508086245,-0.3432423545590962,-0.025848290534475654,4.179263235595174,4.103172183721185,11.020085346942532,-0.5054355680450404,6.379556680888861,-76.12459401497608,-0.2755983472804926,-0.06673858805906101,0.0,0.0,-0.08363975018591005,0.01731726292125111,-0.0202004085447516,-0.008337675221642098,-1.3765118958705238,10.251384868114462,0.32555181604345634,7.880207015373509,5.039812660307198
-1.0833615196708182,0.23127524041963365,-0.05138967776946133,0.13112162672311517,-0.1651852159908047,2.5716113429794687,-0.3395088670417709,-0.025848290534475654,4.011360404302809,4.058486848476951,11.048591561187541,0.47956120400662927,8.505502277848656,-70.84848039218505,-0.2749501307538137,-0.06673858805906101,0.0,0.0,-0.07981984223358154,0.016619261587847725,-0.0202004085447516,-0.008337675221642098,-1.3834846420887899,10.360104160229703,0.24990823091775138,8.04047873916893,5.155594913681349
-1.0955842291881897,0.23200667900006414,-0.051380134239371794,0.13368084127065843,-0.1651852159908047,2.5512627841263327,-0.3256804751277451,-0.01636447934073902,3.959698943856297,4.018457943531836,11.080193901288265,0.3848290454426756,8.529994341301533,-64.45395818836784,-0.28458222215871015,-0.06905607868511715,0.0,0.0,-0.08098606024208443,0.017183957503390305,-0.0202004085447516,-0.008337675221642098,-1.443162527683952,12.239910717475913,-0.10748385983616737,8.437461886360103,8.015553320815142
-1.1828279268021595,0.22081409740319927,-0.051380134239371794,0.13368084127065843,-0.1651852159908047,3.349102783804262,-0.22907944040021563,-0.01636447934073902,4.086800449949521,4.002432520087195,12.039616651444792,0.002332315991087002,8.5968063367705,-56.9475771182435,-0.28357609199034356,-0.07548478899621512,0.0,0.0,-0.1504435099514269,0.015281525988469219,-0.019977607633252948,-0.008337675221642098,-0.7867963555936084,12.78832635314015,-0.28784877515018253,8.542071170471226,8.79964669277146
-1.1828279268021595,0.22081409740319927,-0.051380134239371794,0.13368084127065843,-0.1651852159908047,3.3995557613533554,-0.22907944040021563,-0.01636447934073902,4.92015293416256,3.844343458426221,12.194166059782873,-0.25567619262921276,9.600746482406668,-52.95198582038943,-0.28676680687519224,-0.07548478899621512,0.0,0.0,-0.16203137747440358,0.01693910460940648,-0.019977607633252948,-0.008337675221642098,-0.7859721332298673,13.259512564703195,-0.2848342627929654,8.600587141016122,8.863019397306122
-1.0988736962728978,0.22081409740319927,-0.051380134239371794,0.1371441278709909,-0.1651852159908047,3.3995557613533554,-0.22907944040021563,-0.01636447934073902,4.487675933372848,3.748466235487953,12.272310584427164,-0.338268859982069,10.983421214276259,-45.48516080003922,-0.28676680687519224,-0.07548478899621512,0.0,0.0,-0.1612278679490812,0.019823300175015664,-0.019977607633252948,-0.008337675221642098,-0.8156463835041252,15.229751831243822,-0.16791995450736555,8.432672943760373,9.544862389482612
-1.0974224300989717,0.22081409740319927,-0.051380134239371794,0.1371441278709909,-0.1651852159908047,3.3995557613533554,-0.22907944040021563,-0.01636447934073902,4.486069810318366,5.485489671662216,12.286492102163155,-0.29931616814723216,11.157863858554945,-42.4185661792197,-0.2649721808027739,-0.03291261560452113,0.0,0.0,-0.16228845155912147,0.01948232184370669,-0.019977607633252948,-0.008337675221642098,-0.8098474792819788,15.211094680278737,-0.16791995450736555,8.969463376245457,9.62591142907453
-1.0982088838398651,0.22081409740319927,-0.051380134239371794,0.1371441278709909,-0.1651852159908047,3.3995557613533554,-0.22907944040021563,-0.01636447934073902,4.499328393217575,5.90318944745239,13.84845711729239,-0.3235584122142035,11.649879620304958,-36.79675493398855,-0.2649721808027739,-0.006975775693268828,0.0,0.0,-0.16228845155912147,0.01913847380056955,-0.019977607633252948,-0.008337675221642098,-1.00725950951291,14.375557443224661,-0.19493274124126478,8.346295849264857,9.597829504062481
-1.0982088838398651,0.22081409740319927,-0.051380134239371794,0.1371441278709909,-0.1651852159908047,3.3995557613533554,-0.22907944040021563,-0.01636447934073902,4.061278687687642,5.879144384901374,17.057169918690757,-0.48162722395427465,11.641610042076987,-31.42131582469657,-0.3176446501610774,-0.006975775693268828,0.0,0.0,-0.16228845155912147,0.01913847380056955,-0.019977607633252948,-0.008337675221642098,-1.00725950951291,14.414107201358252,-0.19493274124126478,7.477347365208989,10.958069281293835
-1.0982088838398651,0.22081409740319927,-0.051380134239371794,0.1371441278709909,-0.16478338308097434,3.3995557613533554,-0.22907944040021563,-0.01636447934073902,3.181965609380313,7.21864742489093,17.101059475254736,-0.6064699293163116,11.509522502406519,-27.939546734118398,-0.32680633960871147,-0.03447480760794308,0.0,0.0,-0.16228845155912147,0.040750867655388864,-0.019977607633252948,-0.008337675221642098,-0.9832712950706838,14.411563017386497,-0.19482775859441645,7.507328865359065,11.15591591060846
-1.206281437015948,0.22081409740319927,-0.051380134239371794,0.1373933940957064,-0.16098314010570172,4.089577089067688,-0.22907944040021563,-0.004393747758631474,3.182874309013277,7.078930189579477,17.10340602214601,-0.6133657672814454,12.037111575161763,-22.395626998954892,-0.32680633960871147,-0.03447480760794308,0.0,0.0,-0.16228845155912147,0.03991992504348545,-0.019977607633252948,-0.008337675221642098,-0.9560669712899391,16.39809127097347,-0.4074363952015597,8.542705108991898,11.613964942639734
-1.1935860368516487,0.22081409740319927,-0.052737353671813196,0.1373933940957064,-0.16098314010570172,4.089577089067688,-0.23232617520060472,-0.004393747758631474,4.811126425076723,7.021981473699865,17.252486701229678,-0.6455549273677756,12.070577911368586,-18.782375956023486,-0.32680633960871147,-0.03447480760794308,0.0,0.0,-0.16941254381308,0.04115380666939309,-0.019977607633252948,-0.008958451514010047,-0.952006584126576,16.036365839771985,-0.3957255730418806,8.552466489304193,12.639737868313581
-1.1935860368516487,0.2650174458549161,-0.04655819631526187,0.1373933940957064,-0.16181921327833282,4.089577089067688,-0.2261231290584454,-0.004393747758631474,4.882207957046767,6.9563286362676795,17.397928968491055,-0.6859864243109492,13.659861356330428,-14.334846756495018,-0.3156406945369234,-0.03514772468773043,0.0,0.0,-0.1684790253752062,0.042550992329499195,-0.019977607633252948,-0.008958451514010047,-0.9328372347020176,16.91286135738648,-0.41450829483097057,8.558627120704914,12.934260586798773
-1.1935860368516487,0.2650174458549161,-0.04610856943431271,0.1373933940957064,-0.16181921327833282,4.089927393744123,-0.2086696161264552,-0.004393747758631474,4.934306647360122,7.508592436043365,17.31300897319296,-0.13759168571764455,13.858525853972676,-9.971811733065383,-0.3181100345299764,-0.03514772468773043,0.0,0.0,-0.023185621723172126,0.04934926810795353,-0.019977607633252948,-0.008958451514010047,-0.900391044221306,16.973169088002166,-0.4626820389657,8.728309260342176,12.883445868146692
-1.1901076738937055,0.2650174458549161,-0.03236156372868382,0.1373933940957064,-0.16181921327833282,4.089927393744123,-0.2086696161264552,-0.00523769855687861,4.934816533983567,7.536500456508723,17.319294124383262,-0.18940045990475843,13.976823012585953,-5.515676645845072,-0.3181100345299764,-0.03514772468773043,0.0,0.0,-0.03208450033352957,0.04913845347419048,-0.019977607633252948,-0.008958451514010047,-0.9104168909047644,18.005501161090525,-0.46146453123963876,8.7586203298706,15.223903016243584
-1.1901076738937055,0.2650174458549161,-0.03236156372868382,0.1373933940957064,-0.1443884291316149,4.089927393744123,-0.2086696161264552,-0.00523769855687861,4.9357551567029,7.536500456508723,18.40254970971457,-0.18940045990475843,14.02573975969598,-2.027572805756227,-0.3181100345299764,-0.03514772468773043,0.0,0.0,-0.03208450033352957,0.04913845347419048,-0.019977607633252948,-0.008958451514010047,-0.9085485655222266,18.113244042555664,-0.4599264396231654,8.936547999065896,16.35491963176049
-1.1901076738937055,0.26504595976756135,-0.03236156372868382,0.1373933940957064,-0.1443884291316149,4.0950461259772215,-0.2086696161264552,-0.00523769855687861,5.827740601698086,7.539862220255381,18.825132913473382,-0.1894721135993282,15.027334897339461,0.6856075456224582,-0.31835288990959976,-0.03514772468773043,0.0,0.0,-0.03208450033352957,0.04913014706090711,-0.019977607633252948,-0.008958451514010047,-0.9466188182676469,18.210743286307597,-0.35115728820769637,8.9418102780521,16.62681180488443
-1.1901076738937055,0.26504595976756135,-0.03236156372868382,0.1373933940957064,-0.13887583069632042,4.0950461259772215,-0.2086696161264552,-0.00523769855687861,5.827740601698086,9.102689100889858,18.856887171654588,-0.727832615601161,15.523248383578359,5.842654978090533,-0.29588686018174176,0.00837165157425401,0.0,0.0,-0.03208450033352957,0.04913014706090711,-0.019977607633252948,-0.008958451514010047,-0.9006962883941074,18.8545304285991,-0.35115728820769637,9.440809052827678,18.173620894034233
-1.1901076738937055,0.26800795577268227,-0.03407795346395706,0.1373933940957064,-0.13887583069632042,4.0950461259772215,-0.21271748837731258,-0.00523769855687861,5.853250179761474,9.468287045916366,19.040502271680253,-0.698373695819001,15.203639155921445,7.8046549656147075,-0.29814604777758064,0.00837165157425401,0.0,0.0,-0.03128040962978626,0.051135906157807845,-0.019977607633252948,-0.008958451514010047,-0.8445988222269295,19.15538922262075,-0.34966314513554764,9.543809548668467,18.47012469960887
-1.1901076738937055,0.26800795577268227,-0.03407795346395706,0.1373933940957064,-0.13887583069632042,4.140129214729416,-0.21271748837731258,-0.00523769855687861,5.881416138306248,9.475124785671225,18.9473167871541,-0.9961315874268455,16.493840907135393,11.732204870233819,-0.29814604777758064,0.00837165157425401,0.0,0.0,-0.03024124621310011,0.051135906157807845,-0.019977607633252948,-0.008958451514010047,-0.8450860727370818,20.49903932176015,-0.4238551751734796,9.535474297391234,19.56622978311231
-1.1901076738937055,0.2679713256656216,-0.03407795346395706,0.1373933940957064,-0.13887583069632042,4.144580251111225,-0.21271748837731258,-0.00523769855687861,6.237919199435791,9.506957800409447,20.963857580025394,-1.140550508063191,17.945271954570874,16.409688625089778,-0.29814604777758064,0.00837165157425401,0.0,0.0,-0.03024124621310011,0.053803924806616665,-0.019977607633252948,-0.008958451514010047,-0.862242520201423,19.877888811488024,-0.4238551751734796,9.638926133692555,18.76825901983734
-1.1901076738937055,0.2679713256656216,-0.03407795346395706,0.1373933940957064,-0.13887583069632042,4.144580251111225,-0.21271748837731258,-0.00523769855687861,6.252322625487142,9.506957800409447,23.2714952984264,-1.1345529386117725,17.945271954570874,20.044814595459194,-0.29814604777758064,0.00837165157425401,0.0,0.0,-0.03024124621310011,0.053803924806616665,-0.019977607633252948,-0.008958451514010047,-0.917960905206638,19.943796201599497,-0.4238551751734796,9.640526370494724,19.764696223855562
-1.1901076738937055,0.2748771033188789,-0.03607384809253976,0.1373933940957064,-0.1383468821025529,4.353715612376033,-0.21271748837731258,-0.00523769855687861,6.542826060311249,9.506957800409447,23.286725055935598,-1.1753208094821435,18.768162000136037,22.829756950489667,-0.29814604777758064,0.00837165157425401,0.0,0.0,-0.029546665409903087,0.053803924806616665,-0.019977607633252948,-0.008958451514010047,-0.5104004247025384,20.220533476663146,-0.37450962896861756,9.893598051599453,19.40078923651359
-1.1901076738937055,0.2748771033188789,-0.03607384809253976,0.1373933940957064,-0.1383468821025529,4.353715612376033,-0.21271748837731258,-0.00523769855687861,6.542826060311249,10.617080751738975,23.859918214027736,-1.1685137041417077,19.178071403846044,25.72273330937179,-0.29814604777758064,0.00837165157425401,0.0,0.0,-0.027497928845176867,0.053803924806616665,-0.019977607633252948,-0.008958451514010047,-0.5104004247025384,19.592378914419175,-0.37450962896861756,9.945040923887067,19.814857123002245
-1.1845549014700205,0.30397040802941033,-0.03607384809253976,0.16350962421956416,-0.1383468821025529,4.353715612376033,-0.21271748837731258,-0.00523769855687861,6.05552195489971,10.8364596127076,23.87423515821394,-1.1672791831725964,20.547702497235182,28.400447569836995,-0.29814604777758064,0.00837165157425401,0.0,0.0,-0.027497928845176867,0.053803924806616665,-0.019977607633252948,-0.008958451514010047,-0.5142989117677372,20.215474206407894,-0.37450962896861756,10.07896699031382,19.41541661964275
-1.1845549014700205,0.30397040802941033,-0.03607384809253976,0.16350962421956416,-0.1383468821025529,4.353020163747349,-0.21271748837731258,-0.00523769855687861,5.984710863528524,10.836484084408784,23.909380167104647,-1.2043198654082123,20.550494407311252,30.90338763970629,-0.29620358788899603,0.00837165157425401,0.0,0.0,-0.027497928845176867,0.053803924806616665,-0.019977607633252948,-0.008958451514010047,-0.5145677242974532,21.103347858619884,-0.40750993372939887,10.068914093336215,20.79197760133758
-1.1845549014700205,0.30397040802941033,-0.03607384809253976,0.16350962421956416,-0.1383468821025529,4.353020163747349,-0.21271748837731258,-0.00523769855687861,7.030133340105586,11.16063770757369,23.943502254549543,-0.6682770446639211,21.81886817999096,35.11447558356659,-0.2936147456517437,0.00837165157425401,0.0,0.0,-0.022792528251699567,0.06097583340283873,-0.019977607633252948,-0.008958451514010047,-0.4784766725223291,20.743675499862235,-0.4051621442824078,10.203466717728661,21.396228936211767
-1.1723333003150818,0.30397040802941033,-0.03607384809253976,0.16350962421956416,-0.1383468821025529,4.386933422440164,-0.16460929267745736,-0.00523769855687861,7.534356018635843,11.175180807474533,24.112794016548914,-0.9552823522443804,22.436608028999082,37.42862038427095,-0.2936147456517437,0.00837165157425401,0.0,0.0,-0.022792528251699567,0.07218299627728765,-0.019977607633252948,-0.008958451514010047,-0.4421802448272237,20.816444246896967,-0.4015569410130905,10.134798660348627,21.53438075112551
-1.1723333003150818,0.30397040802941033,-0.02655520093104855,0.16350962421956416,-0.13471571510905464,4.386933422440164,-0.16460929267745736,-0.00523769855687861,7.48189714125669,11.17850980183401,24.08762512586272,-0.9552823522443804,24.039406118255616,40.14514941626971,-0.2936147456517437,0.00837165157425401,0.0,0.0,-0.022792528251699567,0.07218299627728765,-0.019977607633252948,-0.008958451514010047,-0.4751198903248974,21.730636282371716,-0.535192126919496,10.146195865211922,21.585298954125875
-1.1723333003150818,0.3138236062432909,0.022481837454260557,0.16060157820778134,-0.13471571510905464,4.386933422440164,-0.16460929267745736,-0.00523769855687861,7.491844809138575,11.179434034395475,24.139155081145283,-0.952826985183285,24.107940896776686,42.1289185059481,-0.2908323772797038,0.009246954134084733,0.0,0.0,-0.022154459904701756,0.07218299627728765,-0.019977607633252948,-0.008958451514010047,-0.4640177376144537,21.761112669226176,-0.5345440956733444,10.160160389298058,22.521408786154876
-1.1723333003150818,0.3138236062432909,0.022481837454260557,0.16060157820778134,-0.13471571510905464,4.386933422440164,-0.16460929267745736,-0.00523769855687861,8.116864552997379,11.215928670740913,24.25071693901455,-0.952826985183285,24.435300592514636,44.979118921969715,-0.2908323772797038,0.009246954134084733,0.0,0.0,-0.022154459904701756,0.07349474187121867,-0.019977607633252948,-0.008958451514010047,-0.3318255070022558,21.63408837280394,-0.5345440956733444,10.160160389298058,23.35027658675472
-1.1724487563136818,0.3511425368253349,0.022481837454260557,0.1639284277617252,-0.10339825271705738,4.396395117077978,-0.12948641655292897,-0.00523769855687861,8.115307190250618,11.245888640811607,25.525280752263203,-0.960517944056353,25.381045607227183,48.51005721315926,-0.2918040453860479,0.009246954134084733,0.0,0.0,-0.013049150452034686,0.07185132024644514,-0.019977607633252948,-0.008958451514010047,-0.3271952332589719,21.83823594910097,-0.3799768264677092,10.65195321157935,23.5744779476822
-1.1724487563136818,0.3548430786713891,0.022481837454260557,0.1639284277617252,-0.10339825271705738,4.396395117077978,-0.12536457422125105,-0.00523769855687861,8.296814117585747,11.606445025514121,25.540576140546627,-0.9516039093430022,25.782318009929664,50.39754803098793,-0.2918040453860479,0.009246954134084733,0.0,0.0,-0.011992658073852169,0.07248899158078635,-0.019208448175206075,-0.008958451514010047,-0.3560973825649082,21.770575905998502,-0.11969960175181417,10.751641921292945,23.874181181806453
-1.1717960615482852,0.35520722044258407,0.022622330354482266,0.1639284277617252,-0.10339825271705738,4.396395117077978,-0.12512389077879943,-0.00523769855687861,8.482154711507365,11.846183887108086,25.485718415757812,-0.9367740828027546,26.522358585442028,53.17611636819948,-0.2908478425346743,0.009246954134084733,0.0,0.0,-0.0097778967472197,0.07339653009644977,-0.01866889570219073,-0.008958451514010047,-0.25157873105564044,22.006674888014313,-0.07253691007454444,10.90875746592211,24.196878947607996
-1.1717960615482852,0.35520722044258407,0.022622330354482266,0.1639284277617252,-0.10339825271705738,4.396395117077978,-0.12135625475334007,-0.00523769855687861,8.576409368619641,11.923980788252335,25.575670649309448,-0.9786637120471895,27.286039146893554,55.04608163280341,-0.2908478425346743,0.009246954134084733,0.0,0.0,-0.0097778967472197,0.07386676120987391,-0.01866889570219073,-0.008958451514010047,-0.2534002437392794,22.007410018578437,-0.11131666407336277,10.975170312653152,24.609778319240913
-1.1519196335133617,0.35520722044258407,0.0240115349877838,0.1639284277617252,-0.10339825271705738,4.398814630324109,-0.08018120841389191,-0.00523769855687861,8.68974273662768,11.978688565529346,25.642919674276413,-0.8760913010814513,27.52148722617043,57.275940453023004,-0.2843696667429174,0.01365197818504932,0.0,0.0,-0.0007110390946830332,0.08848861525607159,-0.01866889570219073,-0.008958451514010047,-0.1307318606824187,21.988023832664716,-0.03375216201285688,11.214725158982938,25.007215041931953
-1.3754806898008902,0.05001311864955365,-0.0738439467826029,0.10368339731229126,-0.378261551367332,1.1826588773725166,-0.5421004987527527,-0.053384190003992346,-1.2287481459612004,-0.7346289681306188,1.6270900741850645,-0.06789759995266,4.5277632254727775,-70.21076307713226,-0.33392870544925585,-0.07712320679300985,0.0,0.0,-0.5182066403258807,-0.0729990546502139,-0.018727256865789525,-0.0057286702322022764,-4.1654281364489965,-10.670566102318162,0.09793182569574364,5.225123774463596,2.8809258685050043
-1.3566456870863968,0.0724633314891055,-0.07774766766702518,0.10140180472304383,-0.37364528799992525,1.190545422402011,-0.5421004987527527,-0.04118281374891983,-1.763853144482445,-0.7078696200447436,1.288940670433015,-0.3434574361147734,5.302826348358444,-53.37258653796688,-0.3291949654136071,-0.0768908081880377,0.0,0.0,-0.4781743061864291,-0.04697327073579361,-0.018727256865789525,-0.005188900197421754,-4.127086808475543,-11.643589880318078,-0.7320101451938213,5.554941122336578,3.7879715881574385
-1.3466879201214692,0.24214616451790344,-0.0776706958127849,0.10140180472304383,-0.37364528799992525,1.2043380754784903,-0.5215521810793479,-0.04118281374891983,-1.6193262501324204,-0.6565590671788937,1.2238663867109232,-1.6169635644670022,6.2709296607370915,-49.23309102004198,-0.3268325405536572,-0.0768908081880377,0.0,0.0,-0.46074779500418683,-0.04765925122391856,-0.018727256865789525,-0.005188900197421754,-4.035415406852138,-11.616679897951126,-0.38599564535913466,5.68402444277115,4.004368110852033
-1.3522026568036747,0.24221920042546932,-0.07754916340573026,0.12894019348861935,-0.37364528799992525,1.2006630006613295,-0.507723789165322,-0.031699002555183195,-1.564644512975815,-0.6282442109620292,1.326570165537163,-1.4608879765427885,6.520193466178335,-45.55089957923868,-0.32938787844561473,-0.07523977223940553,0.0,0.0,-0.46065919760513224,-0.04121440859825253,-0.018727256865789525,-0.005188900197421754,-4.009500703868833,-13.122446120681355,-0.2598125950787774,6.109626365257462,4.647603712290098
-1.4850552024362034,0.23373888271146123,-0.07754916340573026,0.12894019348861935,-0.37364528799992525,1.6485873309748356,-0.37775843716006907,-0.031699002555183195,-1.6535066377023344,-0.34363092861754563,1.2616182549172619,-0.9919527762396241,6.760476801987636,-39.26211436558323,-0.3285724814582948,-0.08917807859995489,0.0,0.0,-0.4896420635846845,-0.04056751530510955,-0.01757087483436165,-0.005188900197421754,-4.686350377866981,-13.57999929186091,0.20065667675444035,6.061657954710458,4.784682893806392
-1.4850552024362034,0.23373888271146123,-0.07754916340573026,0.12894019348861935,-0.37364528799992525,2.008175359335019,-0.37775843716006907,-0.031699002555183195,-1.9020200040396988,-0.34227177009866033,1.2785701304475967,-0.5006553239604901,7.097867425327129,-36.54559438281279,-0.3317631963431435,-0.08917807859995489,0.0,0.0,-0.49384854936259465,-0.04627163410025097,-0.01757087483436165,-0.005188900197421754,-4.68552615550324,-14.073137272485068,0.20367118911165752,6.192955264065255,4.725413648392544
-1.259132869955134,0.23373888271146123,-0.07754916340573026,0.13240348008895184,-0.37364528799992525,2.008175359335019,-0.37775843716006907,-0.031699002555183195,-1.6647491980566889,-0.40581098261346105,1.295286602165367,-0.1628557885782362,7.4714346618092495,-31.74243669066162,-0.3317631963431435,-0.08917807859995489,0.0,0.0,-0.492911372089005,-0.04021558669460179,-0.01757087483436165,-0.005188900197421754,-4.708397595339437,-15.742723129576383,0.12808091305107314,6.228984714885207,5.028703775957911
-1.257681603781208,0.23373888271146123,-0.07754916340573026,0.13240348008895184,-0.37364528799992525,2.008175359335019,-0.37775843716006907,-0.031699002555183195,-1.6670415068458693,-0.9659302193459423,1.2716322235476218,-0.2031649225815142,7.53353406672402,-31.0871004222238,-0.3295570989060039,-0.08485636424289798,0.0,0.0,-0.49397195569904523,-0.04055656502591079,-0.01757087483436165,-0.005188900197421754,-4.708499888435702,-15.752592554010903,0.12808091305107314,6.264055696492153,5.075896421095695
-1.2624141236606201,0.23373888271146123,-0.07754916340573026,0.13240348008895184,-0.37364528799992525,2.008175359335019,-0.37775843716006907,-0.031699002555183195,-1.6829963599813909,-0.769128066272826,2.0324257829039265,-0.08354939538787712,8.033650405364552,-25.367658691533272,-0.3295570989060039,-0.0744816282783971,0.0,0.0,-0.49397195569904523,-0.0426399508663737,-0.01757087483436165,-0.005188900197421754,-5.144599764423114,-15.1591899232739,0.19082144759020897,5.932089377988745,4.939468596735017
-1.2624141236606201,0.23373888271146123,-0.07754916340573026,0.13240348008895184,-0.37364528799992525,2.008175359335019,-0.37775843716006907,-0.031699002555183195,-1.2112505232568511,-0.4336513049530355,1.3962546093283559,0.500848926765436,8.031907915619417,-22.27005108387636,-0.3661639094527,-0.0744816282783971,0.0,0.0,-0.49397195569904523,-0.0426399508663737,-0.01757087483436165,-0.005188900197421754,-5.144599764423114,-15.222994736995442,0.19082144759020897,4.960948833265738,5.477100736240004
-1.2624141236606201,0.23373888271146123,-0.07754916340573026,0.13240348008895184,-0.3724918787217085,2.008175359335019,-0.37775843716006907,-0.031699002555183195,-0.9435637515613521,-0.6753366401719669,1.4999618159047978,0.749700373395236,8.213602511725096,-18.694384967360715,-0.3919903402376413,-0.09168205577516317,0.0,0.0,-0.49397195569904523,-0.029478553701926643,-0.01757087483436165,-0.005188900197421754,-5.083121255397582,-15.318272709521793,0.19083954684037208,4.926910736158439,5.50088873770698
-1.323220513788241,0.23373888271146123,-0.07754916340573026,0.13248284576649502,-0.33300949106706224,2.12286166956799,-0.37775843716006907,-0.0026810778614205885,-0.9435209627570544,-0.3613220656672897,1.5058581655148746,0.7560635992282612,8.307350615590176,-15.2944665687287,-0.3919903402376413,-0.09168205577516317,0.0,0.0,-0.49397195569904523,-0.02960868494537031,-0.01757087483436165,-0.005188900197421754,-4.819397831223039,-17.047604077846675,0.69983009349127,5.194466328169741,5.225707702218156
-1.303123124638922,0.23373888271146123,-0.07912627850314846,0.13248284576649502,-0.33300949106706224,2.12286166956799,-0.38121612558265866,-0.0026810778614205885,-1.4366872882775577,-0.4273464032116153,1.684245681429957,0.7467456341074112,8.28115906878805,-13.177931347380015,-0.3919903402376413,-0.09168205577516317,0.0,0.0,-0.5139348240256127,-0.02660970530418862,-0.01757087483436165,-0.005525527734526792,-4.853257742698744,-16.82489752655093,0.6906186588431857,5.353307861728683,5.242882011923264
-1.303123124638922,0.24161722550052986,-0.07808397194833926,0.13248284576649502,-0.3437429333946672,2.12286166956799,-0.37892298644335837,-0.0026810778614205885,-1.4663464894873752,-0.34449407939609966,1.5792895065711068,0.8184401606928402,8.695481109348831,-10.457840494680562,-0.35184562352173904,-0.09235497285495052,0.0,0.0,-0.513001305587739,-0.025992204501318377,-0.01757087483436165,-0.005525527734526792,-4.808779763276192,-17.7433054206861,0.7108359168571401,5.390736407523047,5.697408066656528
-1.303123124638922,0.24161722550052986,-0.075143423742725,0.13248284576649502,-0.3437429333946672,2.122979095172033,-0.18763504738443812,-0.0026810778614205885,-1.394154680785024,-0.37270879142916286,1.629061035480836,0.21736525143325786,7.903219242451902,-7.599655541609112,-0.3529131021072979,-0.09235497285495052,0.0,0.0,-0.591572882177435,-0.028087430132614003,-0.01757087483436165,-0.005525527734526792,-4.802800106697314,-17.864005497420614,0.8301949343413687,5.5628733088467435,5.801703996756889
-1.3022685259903521,0.24161722550052986,-0.07278451207474519,0.13248284576649502,-0.3437429333946672,2.122979095172033,-0.18763504738443812,-0.007806577259264743,-1.3936447941615795,-0.25000236434528794,1.6532681336403987,0.3486826013201293,8.69676911555933,-4.6120915375566405,-0.3529131021072979,-0.09235497285495052,0.0,0.0,-0.6175134783472783,-0.022704293144199524,-0.01757087483436165,-0.005525527734526792,-4.800742804482805,-18.514235782101206,0.8427396394772836,5.613257684023372,6.268048204631942
-1.3022685259903521,0.24161722550052986,-0.07278451207474519,0.13248284576649502,-0.34207844838986223,2.122979095172033,-0.18763504738443812,-0.007806577259264743,-1.3950156944415457,-0.25000236434528794,1.3243404853867733,0.3486826013201293,8.920031578599804,-2.656595518638988,-0.3529131021072979,-0.09235497285495052,0.0,0.0,-0.6175134783472783,-0.022704293144199524,-0.01757087483436165,-0.005525527734526792,-4.800473172437219,-18.5263079719824,0.8464953981340627,5.628445053885967,7.103208556439311
-1.3022685259903521,0.24164573941317516,-0.07278451207474519,0.13248284576649502,-0.34207844838986223,2.1238571633530507,-0.18763504738443812,-0.007806577259264743,-1.6899193240344754,-0.2535642949419461,1.2299986951891961,0.3483470436467274,9.04935070905109,-2.0308859563385426,-0.3531689443734976,-0.09235497285495052,0.0,0.0,-0.6175134783472783,-0.0227323203973007,-0.01757087483436165,-0.005525527734526792,-4.789479950391337,-18.616998445664372,0.7176283259148539,5.661522867360651,7.341823352169923
-1.3022685259903521,0.24164573941317516,-0.07278451207474519,0.13248284576649502,-0.3076421130903372,2.1238571633530507,-0.18763504738443812,-0.007806577259264743,-1.6899193240344754,-0.7676520846243344,1.4086575853157723,1.089391855238401,10.174957825977666,1.1064742238256549,-0.3509210596896938,-0.0883086099912507,0.0,0.0,-0.6175134783472783,-0.0227323203973007,-0.01757087483436165,-0.005525527734526792,-4.772168802457553,-19.166724339268768,0.7176283259148539,5.699996997470998,7.850504624293382
-1.3022685259903521,0.24460773541829609,-0.07374731233929731,0.13248284576649502,-0.3076421130903372,2.4637137109335057,-0.1890224186862978,-0.007806577259264743,-1.6857384170992464,-0.8649120295409799,1.359700951938371,1.6701860449169503,10.369094378913049,3.177048089423261,-0.35318024728553266,-0.0883086099912507,0.0,0.0,-0.616709387643535,-0.02072656130039996,-0.01757087483436165,-0.005525527734526792,-4.866054960391892,-19.842894920428833,0.7191224689870026,5.854314896558158,8.054918187427472
-1.3022685259903521,0.24460773541829609,-0.07374731233929731,0.13248284576649502,-0.3076421130903372,2.4637137109335057,-0.1890224186862978,-0.007806577259264743,-1.722298979315429,-0.84559978339776,1.416785778645263,1.6716777501912108,10.73731883176139,4.279529485092429,-0.35318024728553266,-0.0883086099912507,0.0,0.0,-0.614268852407712,-0.02072656130039996,-0.01757087483436165,-0.005525527734526792,-4.8687035539615495,-20.521129264525637,0.8065070752581043,5.725337612247538,8.239016087710084
-1.3022685259903521,0.2444352956503059,-0.07374731233929731,0.13248284576649502,-0.3076421130903372,2.4806435457428853,-0.1890224186862978,-0.007806577259264743,-1.807565373741907,-0.543460024893649,1.4754745566615453,1.9725450204134016,11.275112143980389,8.123175924680204,-0.35318024728553266,-0.0883086099912507,0.0,0.0,-0.614268852407712,-0.020256904647413643,-0.01757087483436165,-0.005525527734526792,-4.83920087966471,-19.97746959765364,0.8065070752581043,6.249281623877696,7.760493017337041
-1.3022685259903521,0.2444352956503059,-0.07374731233929731,0.13248284576649502,-0.3076421130903372,2.4806435457428853,-0.1890224186862978,-0.007806577259264743,-1.803013500949155,-0.543460024893649,0.8944661539625066,1.9659530972325634,11.275112143980389,8.859419234872277,-0.35318024728553266,-0.0883086099912507,0.0,0.0,-0.614268852407712,-0.020256904647413643,-0.01757087483436165,-0.005525527734526792,-4.775797200176015,-20.034077171982513,0.8065070752581043,6.249768047102158,7.920698540568172
-1.3022685259903521,0.24560374858574188,-0.08292965176320773,0.13248284576649502,-0.3044639633357579,2.6983222322445624,-0.1890224186862978,-0.007806577259264743,-2.1489821678792604,-0.543460024893649,0.9217467118668637,2.045330434979752,12.266964676655979,11.229009713208523,-0.35318024728553266,-0.0883086099912507,0.0,0.0,-0.6130829671143523,-0.020256904647413643,-0.01757087483436165,-0.005525527734526792,-4.267063367743194,-20.23002659676602,0.7704568262542427,6.286397705876853,7.725775349374704
-1.3022685259903521,0.24560374858574188,-0.08292965176320773,0.13248284576649502,-0.3044639633357579,2.6983222322445624,-0.1890224186862978,-0.007806577259264743,-2.1489821678792604,-0.44407747292575184,0.8519219392949847,2.0474770856923143,12.808814459270197,13.353837134566437,-0.35318024728553266,-0.0883086099912507,0.0,0.0,-0.5998014490141386,-0.020256904647413643,-0.01757087483436165,-0.005525527734526792,-4.267063367743194,-19.605182060412933,0.7704568262542427,6.535836505485998,7.833834966521687
-1.2774627882219922,0.2504299629589507,-0.08292965176320773,0.1393944679099654,-0.3044639633357579,2.6983222322445624,-0.1890224186862978,-0.007806577259264743,-2.027270513541889,-0.49844173672089037,0.9233447798241886,2.047580853047068,13.508137923705329,15.23837578854034,-0.35318024728553266,-0.0883086099912507,0.0,0.0,-0.5998014490141386,-0.020256904647413643,-0.01757087483436165,-0.005525527734526792,-4.059542412403317,-20.223545721830984,0.7704568262542427,6.584776287022297,7.777894009730588
-1.2774627882219922,0.2504299629589507,-0.08292965176320773,0.1393944679099654,-0.3044639633357579,2.697626783615879,-0.1890224186862978,-0.007806577259264743,-1.710437022716016,-0.498433746715976,0.9445944795776048,2.340461314430004,13.693377115902518,17.05321293549935,-0.3407696587131197,-0.0883086099912507,0.0,0.0,-0.5998014490141386,-0.020256904647413643,-0.01757087483436165,-0.005525527734526792,-4.060778378380859,-20.889697472790097,0.8280080850741376,6.46686304744559,8.142005300982383
-1.2774627882219922,0.2504299629589507,-0.08292965176320773,0.1393944679099654,-0.3044639633357579,2.697626783615879,-0.1890224186862978,-0.007806577259264743,-2.01921687207739,-0.5888514028149102,0.9787165670225032,1.601091906506845,14.59242288471199,18.96932785002609,-0.3381808164758673,-0.0883086099912507,0.0,0.0,-0.5950960484206612,-0.019609874994769454,-0.01757087483436165,-0.005525527734526792,-4.047946690364162,-20.497189729556638,0.8273885770662527,6.503096730952913,8.204575705481178
-1.1315887075570936,0.2504299629589507,-0.08292965176320773,0.1393944679099654,-0.3044639633357579,2.967667751081306,-0.17950911375976908,-0.007806577259264743,-2.122255090804606,-0.4669149089334124,0.8609669926324012,2.2172527135473556,15.032363132643349,21.197421899895286,-0.3381808164758673,-0.0883086099912507,0.0,0.0,-0.5950960484206612,-0.008695576252663692,-0.01757087483436165,-0.005525527734526792,-4.08742265494453,-20.584006994612245,0.8312170736883776,6.586151249616159,8.272571362252553
-1.1315887075570936,0.2504299629589507,-0.07637485276053992,0.1393944679099654,-0.3038534173101142,2.967667751081306,-0.17950911375976908,-0.007806577259264743,-2.012074591086906,-0.45552389707757174,0.9172748143601287,2.2172527135473556,15.371957175953694,22.743690295546035,-0.3381808164758673,-0.0883086099912507,0.0,0.0,-0.5950960484206612,-0.008695576252663692,-0.01757087483436165,-0.005525527734526792,-4.054694427396818,-21.44814533647223,0.9830357103727092,6.586731323250434,8.524208709176266
-1.1315887075570936,0.2602831611728313,-0.02733781437523082,0.13648642189818255,-0.3038534173101142,2.967667751081306,-0.17950911375976908,-0.007806577259264743,-1.9872702565236509,-0.45459966451610717,1.0705776433295553,2.2197080806084513,15.604028540094125,24.738729642486376,-0.33539844810382735,-0.08743330743141997,0.0,0.0,-0.5944579800736635,-0.008695576252663692,-0.01757087483436165,-0.005525527734526792,-4.043592274686377,-21.406398692355825,0.9836837416188607,6.6139562887973815,9.189853358872332
-1.1315887075570936,0.2602831611728313,-0.02733781437523082,0.13648642189818255,-0.3038534173101142,2.967667751081306,-0.17950911375976908,-0.007806577259264743,-2.1928688564771988,-0.463243131018974,1.0847080522044759,2.2197080806084513,15.913896606396616,26.695211212270852,-0.33539844810382735,-0.08743330743141997,0.0,0.0,-0.5944579800736635,-0.008484759996496217,-0.01757087483436165,-0.005525527734526792,-4.194017916417499,-21.171336067016867,0.9836837416188607,6.6139562887973815,10.00228632952121
-1.1317041635556937,0.29827911146596586,-0.02733781437523082,0.1722849353401426,-0.3008928259601103,2.9692908117575914,-0.05633856483237133,-0.007806577259264743,-2.194426219223958,-0.22101906592013354,0.8248156679225014,2.269499799287357,16.373917199915592,28.359292141262095,-0.3363701162101715,-0.08743330743141997,0.0,0.0,-0.5855359788079688,-0.011777611579556854,-0.01757087483436165,-0.005525527734526792,-4.187820312581493,-21.160665983936806,0.7952664509494121,6.808851756508183,10.000188243352301
-1.1317041635556937,0.30397829148850375,-0.02733781437523082,0.1722849353401426,-0.3008928259601103,2.9692908117575914,-0.026287868876191202,-0.007806577259264743,-2.26049366786044,-0.31993393284051114,0.8096081396996603,2.278336185314365,16.53150683603819,29.51859296795896,-0.3363701162101715,-0.08743330743141997,0.0,0.0,-0.5844794864297863,-0.006363093660382808,-0.016801715376314776,-0.005525527734526792,-4.023651090588409,-21.045213929712194,0.6807841985658541,6.809209080335323,10.28089010799212
-1.1316256723275144,0.3040882956447103,-0.026513620543777754,0.1722849353401426,-0.3008928259601103,2.9692908117575914,-0.00045619949648359183,-0.007806577259264743,-2.3867583737884783,-0.3941368704774404,0.9440234027164608,2.31569685050343,17.094872683314712,31.501286497352467,-0.33541391335879783,-0.08743330743141997,0.0,0.0,-0.5828065628549295,-0.005455555144719384,-0.01626216290329944,-0.005525527734526792,-3.8986908344592623,-21.2833335333118,0.7089350651489765,6.912758393782255,10.405681933507472
-1.1316256723275144,0.3040882956447103,-0.026513620543777754,0.1722849353401426,-0.3008928259601103,2.9692908117575914,-0.00045619949648359183,-0.007806577259264743,-2.478296175482921,-0.410995473519719,0.8657950857043558,2.3688055949041025,17.586579699416642,33.056566121559705,-0.33541391335879783,-0.08743330743141997,0.0,0.0,-0.5828065628549295,-0.002606410404749975,-0.01626216290329944,-0.005525527734526792,-3.848052236125319,-21.28321604044134,0.709761479501468,6.975620828636398,10.90241179239636
-1.1099093168829248,0.3040882956447103,-0.026305908029053193,0.1722849353401426,-0.3008928259601103,2.98474564796199,0.003369257228508537,-0.007806577259264743,-2.5311500138224274,-0.4371770185636166,0.9044466401398575,2.2656704788190867,17.79853718230752,34.693024295983,-0.3307194529677693,-0.08695681033075098,0.0,0.0,-0.579002432024671,0.008163564218942107,-0.01626216290329944,-0.005525527734526792,-3.7966101692439485,-21.260054523206264,0.6804343479814535,7.15255911822076,11.151739904333898
-2.2648476309243475,0.08148578071965074,-0.09444043284077837,0.0586274280154552,-0.5653567545377771,0.6407023994211235,-0.34545110225962317,-0.15379251770371954,-0.6294969597838908,-0.43985538514782874,0.34964890642472485,1.0893434194138525,-0.03311476335343571,-55.60396379476545,-0.3745013170529982,-0.19532769407857692,0.0,0.0,-0.5997977876703151,-0.176284849976612,-0.016076590718594325,-0.006575371862962455,-4.598475935422495,-9.618723932707645,0.059098014507255416,-23.655956624451367,-0.9700399634044743
-2.21221331545347,0.08086821838336014,-0.09170578821867811,0.07289433932754516,-0.5660390517228394,0.640133977602824,-0.34545110225962317,-0.15379251770371954,-0.6271911261857452,-0.5555062905702922,0.4524961127600262,0.7155035679711161,0.17623577075974536,-50.343154348238976,-0.3686226955019252,-0.19532769407857692,0.0,0.0,-0.615906790159545,-0.14124758395140816,-0.01559702585431961,-0.006575371862962455,-4.608606701907818,-9.904860645722339,-0.1432792824554499,-23.508011167609258,-0.962180475356905
-2.207502751225946,0.08929191580347046,-0.09247530932202265,0.058647478618482365,-0.5640269193752072,0.6398181635089284,-0.34545110225962317,-0.141591141448647,-0.7402326037127755,-0.3462341420163963,0.3064588811608738,0.42499066287518206,0.18946493399056255,-42.86216578038662,-0.3685344254103535,-0.195520793485556,0.0,0.0,-0.6304359650468865,-0.11459215116809061,-0.01586129074778327,-0.006035601828181934,-4.556309231001385,-9.918296579868608,0.08587670305321617,-25.69635213154851,-1.0868672091507865
-2.205002200463166,0.08345792635519159,-0.09224283059817492,0.059829172629567405,-0.5640269193752072,0.6403513360669745,-0.34545110225962317,-0.141591141448647,-0.7401579195043985,-0.4752183379447994,0.44232152235359534,0.4152571973975643,-0.15240323317856072,-39.07488801033995,-0.36932402898188826,-0.19544286767301344,0.0,0.0,-0.6257303323053258,-0.11690999257337119,-0.01586129074778327,-0.006035601828181934,-4.52332096006311,-10.166198556487126,-0.40131373286873134,-24.566547384688597,-1.2234148010023083
-2.205002200463166,0.0800401181532096,-0.09224283059817492,0.059829172629567405,-0.5491824813889217,0.6417526207441213,-0.3466744443213611,-0.141591141448647,-0.818126457669072,-0.4716957526882622,0.28399820486557537,0.2864937880808297,-0.19687662231032513,-37.09689112828726,-0.36910605724727746,-0.19544286767301344,0.0,0.0,-0.6166103434197652,-0.1164979176839226,-0.01967804208884443,-0.006035601828181934,-4.524067334833286,-10.834978537695788,-0.38899519369507835,-23.91453381825681,-1.1387699993709182
-2.3198102001958043,0.1267696636677277,-0.09318943261011947,0.059829172629567405,-0.5043497437229395,0.6436461980152884,-0.3501382837754067,-0.141591141448647,-0.5444574756403614,-0.4464540435398845,0.07712252099486114,-0.012961091069708651,-0.1983907048565466,-34.27816941637591,-0.3719402433207443,-0.19544286767301344,0.0,0.0,-0.6051231833868049,-0.1255797140790859,-0.01967804208884443,-0.006035601828181934,-4.395343051948704,-10.713239088082403,-0.4037856574085223,-19.451763935455332,-1.138945054002129
-2.325129079842901,0.12788492966916298,-0.09228554204627545,0.08736756139514293,-0.5043497437229395,0.6426383262896622,-0.3363098918613809,-0.13423814580251278,-0.5292678691269249,-0.43541081798193104,-0.007012544146282956,0.10547166200151628,-0.41300457246624867,-32.06735143535728,-0.3741613295335592,-0.19411933796057593,0.0,0.0,-0.5905450634993165,-0.11477626235522946,-0.019030590674494887,-0.006035601828181934,-4.400303167017237,-10.839770582147164,-0.3907510638231171,-19.3435342880543,-1.346821495226192
-2.325129079842901,0.1194046119551549,-0.09228554204627545,0.08736756139514293,-0.5026270065261379,0.7514012215849638,-0.3051018408326765,-0.13423814580251278,-0.478561010316017,-0.7851206565643186,0.20227768696300272,0.17743301229431518,-0.3864904004993537,-30.456663704100272,-0.3706137138037733,-0.19098844512111976,0.0,0.0,-0.6804488351426713,-0.09705424350275327,-0.017874208643067015,-0.006035601828181934,-4.418184439018038,-10.78594036665222,-0.3214019619003343,-18.766975478206437,-1.3122179058912888
-2.4580281859958055,0.12250481840626923,-0.09228554204627545,0.09876162082071707,-0.503955194997309,0.8829986667492876,-0.1776244528857571,-0.13423814580251278,-0.5220885126785315,-0.603704832091683,-0.005969642643234884,0.5097622862877735,-0.5976636452176789,-24.784648360725303,-0.38716456220481443,-0.22149890459283592,0.0,0.0,-0.7094500100563058,-0.1031826369944587,-0.017874208643067015,-0.006035601828181934,-4.864433924400006,-11.317909013653512,0.4640106325000727,-19.02508902980415,-1.5597434250666016
-2.4580281859958055,0.12250481840626923,-0.09228554204627545,0.10222490742104953,-0.503955194997309,0.8829986667492876,-0.1776244528857571,-0.13423814580251278,-0.9360323955892548,-0.5636484102779116,-0.04731857621118197,0.5173587339204048,-0.5824204408956167,-23.833173677768055,-0.3859582073795637,-0.22149890459283592,0.0,0.0,-0.7030380665463251,-0.10542713394397463,-0.017874208643067015,-0.006035601828181934,-4.864433924400006,-11.181431759676247,0.466567738110962,-17.989907772714293,-1.528430030356457
-2.2527966770506396,0.12250481840626923,-0.09228554204627545,0.10222490742104953,-0.503955194997309,0.8829986667492876,-0.1776244528857571,-0.13423814580251278,-0.6531288827649296,-0.7479792133716255,-0.05449304646486213,0.8183030792357626,-0.7229887922424847,-19.547576702277816,-0.38507281678442346,-0.2197616760764121,0.0,0.0,-0.7073561569586319,-0.07774761720937895,-0.017874208643067015,-0.006035601828181934,-4.8634300173317895,-12.12541347993768,0.38235111697229746,-17.753431673008578,-1.4063886327655584
-2.1770765097341513,0.12250481840626923,-0.09228554204627545,0.11414126992669774,-0.503955194997309,0.8829986667492876,-0.1776244528857571,-0.13423814580251278,-0.6461966158757639,-0.4781419957086155,0.2981341889070361,0.8979357541326978,-0.6330643416863914,-14.993379440983286,-0.38507281678442346,-0.2093869401119112,0.0,0.0,-0.7073561569586319,-0.07794543100344764,-0.017874208643067015,-0.006035601828181934,-5.280998338185411,-12.471821130591609,0.45633579428419385,-18.959027706610204,-1.326623800715026
-2.0781912629062784,0.12250481840626923,-0.09228554204627545,0.11414126992669774,-0.503955194997309,0.8829986667492876,-0.1776244528857571,-0.13423814580251278,-0.174450779151221,-0.3630246233880428,0.050873098349923894,1.2628698272442753,-0.5605958504737517,-12.917782058094879,-0.4216796273311198,-0.2093869401119112,0.0,0.0,-0.7073561569586319,-0.07794543100344764,-0.017874208643067015,-0.006035601828181934,-6.404858343486218,-12.53562594431315,0.5390629286765826,-19.279602965324464,-1.70462032618352
-2.0781912629062784,0.12587878277451514,-0.09228554204627545,0.11414126992669774,-0.4858662028735341,0.8829986667492876,-0.1776244528857571,-0.13423814580251278,-0.11388404862678528,-0.5948555210047834,0.44576807763976956,1.3243115230945193,-0.46198412930537947,-9.484371502027765,-0.5308407435614811,-0.2265873676086773,0.0,0.0,-0.7066945381524073,-0.06478403383900053,-0.017874208643067015,-0.006035601828181934,-6.62555077897513,-12.459865642692275,0.5278793278192984,-19.265844439430158,-1.733403131941059
-2.049638527581627,0.12587878277451514,-0.09228554204627545,0.13165450085652078,-0.45462983182711936,0.9221885134530964,-0.1776244528857571,-0.010748194034195052,-0.0879554893950719,-0.42901679525615,0.4722281464797715,1.2864307764760858,-0.48359868230815417,-6.60821811587069,-0.5308407435614811,-0.2265873676086773,0.0,0.0,-0.7066945381524073,-0.06480950295086718,-0.017874208643067015,-0.006035601828181934,-6.41604198355358,-13.065382092634032,0.8021048175556521,-19.368512475730316,-1.5043430637241726
-2.0968995348547796,0.12587878277451514,-0.09349005944434513,0.1327017690060352,-0.45462983182711936,0.9221885134530964,-0.18040500293553954,-0.010748194034195052,-0.2907478205495081,-0.6983714897876204,0.6506156623948522,1.2797891341889096,-0.4890298270339509,-4.786512857484277,-0.5308407435614811,-0.2265873676086773,0.0,0.0,-0.6830599745385336,-0.06055972802571422,-0.017874208643067015,-0.006372229365286973,-6.413760744536336,-14.077823839148158,0.8017452529719457,-18.47978787565956,-1.2685474877318388
-1.9164471487938186,0.12790429948591853,-0.09330489423992112,0.1327017690060352,-0.5032567205431778,0.9221885134530964,-0.17267488552592836,-0.010748194034195052,-0.2766885567770316,-0.6790624698912272,0.8272997756172302,1.367270449729387,-0.4787321833569942,-3.401983404371879,-0.3313675826720531,-0.22651534685546726,0.0,0.0,-0.6821264561006599,-0.059023663003899135,-0.017874208643067015,-0.006372229365286973,-6.0210739108837235,-14.506913077168193,0.7910089556832011,-17.84927280425782,-1.202433831389502
-1.9164471487938186,0.12790429948591853,-0.09303242933680565,0.1327017690060352,-0.5032567205431778,0.9229317272444141,-0.13831785483413597,-0.010748194034195052,-0.30317820234741366,-0.5072114102782652,1.4358273257034748,1.3881023481743286,-0.22460711858042176,-0.7949568445933451,-0.22020546225276927,-0.14923298436415694,0.0,0.0,-1.1349630423473651,-0.06573699000280059,-0.017874208643067015,-0.006372229365286973,-6.04191097235304,-14.5178322305996,0.9431597353784374,-16.437793775952215,-1.481608490157686
-1.9155925501452487,0.12790429948591853,-0.09206497296876,0.1327017690060352,-0.5032567205431778,0.9229317272444141,-0.13831785483413597,-0.01587369343203921,-0.623985313674519,-0.3722091366552411,1.50032471043683,1.55980512620233,-0.4993951812730928,0.3649322109609978,-0.22020546225276927,-0.14923298436415694,0.0,0.0,-1.160903638517208,-0.06035385301438614,-0.017874208643067015,-0.006372229365286973,-6.06703644746626,-14.523793238037143,0.952258332612008,-15.983054216655503,-1.544566499325736
-1.9155925501452487,0.12790429948591853,-0.09206497296876,0.1327017690060352,-0.502774762504294,0.9229317272444141,-0.13831785483413597,-0.01587369343203921,-0.6289519742707794,-0.3722091366552411,1.3701079624700323,1.55980512620233,-0.5850704218363014,1.0220316739110478,-0.22020546225276927,-0.14923298436415694,0.0,0.0,-1.160903638517208,-0.06035385301438614,-0.017874208643067015,-0.006372229365286973,-6.025749526689871,-14.565568940379286,0.9950336833641873,-15.848906158269122,-1.7554568546295999
-1.8873113375685986,0.12795977965506836,-0.09258935785214062,0.1327017690060352,-0.4231486254133598,1.3969772135715464,-0.13921403882829894,-0.01587369343203921,-0.7251842359216107,-0.38766326937678386,2.105508633505613,0.9764500397494228,-0.7100150585380645,-0.9108036063689129,-0.2536657166803551,-0.14927829283015925,0.0,0.0,-1.1625126602500393,-0.06458745177193512,-0.017874208643067015,-0.006372229365286973,-5.920451045346838,-14.183870946134569,0.934311943173384,-8.605688558438414,-1.7675423905482976
-1.8873113375685986,0.13624141945521018,-0.09258935785214062,0.1327017690060352,-0.418761841305528,1.64812649531516,-0.13921403882829894,-0.01587369343203921,-0.7155988834908444,-0.3029703377211989,2.2635324648560537,1.031868987390237,-1.042585390577951,-0.08070231553682757,-0.251466323329302,-0.15230474401950997,0.0,0.0,-1.1844783674480333,-0.0599596213031708,-0.017874208643067015,-0.006372229365286973,-5.987472947046121,-14.787990788610799,0.9480066991443392,-6.816040115382449,-1.8751958410183167
-1.9256826739488928,0.14160072993743425,-0.09355215811669274,0.1327017690060352,-0.418761841305528,1.8430211202891567,-0.1391061842673562,-0.01587369343203921,-0.7072227230405586,-0.6024932593966529,2.2666210204558546,1.864906102504021,-1.489700451515536,2.0499401975076044,-0.2646598337620563,-0.1481660110739437,0.0,0.0,-1.1587091443420159,-0.04743016067200981,-0.017874208643067015,-0.006372229365286973,-5.9798259700628,-14.871613078321303,0.996933851856554,-4.411634172764074,-2.0931311682803733
-1.9256826739488928,0.14160072993743425,-0.09355215811669274,0.1327017690060352,-0.418761841305528,1.64812649531516,-0.1391061842673562,-0.01587369343203921,-0.71435424511939,-0.3363409471216509,2.248754654739534,1.5065824977711975,-1.1280725486278134,0.3613314685454965,-0.26677162744288097,-0.15230474401950997,0.0,0.0,-1.18367427674429,-0.047982423909213895,-0.017874208643067015,-0.006372229365286973,-5.994560673737121,-14.879506156338618,0.9495008422164881,-5.4507535264890405,-1.8978590107897497
-1.9256826739488928,0.14160072993743425,-0.09355215811669274,0.1598691900756201,-0.418761841305528,1.9468285911434688,-0.1323633632718637,-0.01587369343203921,-0.7058707521881398,-0.6016238692108218,2.162977666406192,1.864906102504021,-1.400270999497125,2.7404994674070444,-0.2646598337620563,-0.1481660110739437,0.0,0.0,-1.1584307076162494,-0.04743016067200981,-0.017874208643067015,-0.006372229365286973,-5.805929047459265,-14.764885226536038,0.9736343549585847,-3.5544631111892393,-2.0306502687195143
-1.9256826739488928,0.14100190034634488,-0.09355215811669274,0.1598691900756201,-0.418761841305528,1.9468285911434688,-0.1323633632718637,-0.01587369343203921,-0.7193865129614767,-0.0791247217074966,2.5767283522823057,2.356830214372374,-1.1270254820977543,6.1303172971676,-0.2646598337620563,-0.1481660110739437,0.0,0.0,-1.1584307076162494,-0.0469605040190235,-0.017874208643067015,-0.006372229365286973,-5.81274585383552,-14.938369037677662,0.9707855260747189,-4.207359641297934,-1.7093513707080963
-1.9155799165869805,0.22836678170427843,-0.09090421783646065,0.1598691900756201,-0.4009693288247912,1.9808428984235134,-0.1323633632718637,-0.01587369343203921,-0.7161454489234504,-0.0791247217074966,2.4005894868934474,2.503414364438435,-1.3244257942114879,6.632091160259006,-0.2646598337620563,-0.1481660110739437,0.0,0.0,-1.1584307076162494,-0.0469605040190235,-0.017874208643067015,-0.006372229365286973,-5.789939170368635,-14.823589482750096,0.9675140842414429,-3.6427792092067834,-1.5876325186863693
-1.9155799165869805,0.22953523463971437,-0.13191771423720092,0.1598691900756201,-0.4009693288247912,1.995414901796511,-0.1323633632718637,-0.01587369343203921,-0.9970869240660911,0.0625127295295686,2.4323565603176034,2.8421153104992456,-1.738000206288135,8.08993490449154,-0.2646598337620563,-0.1481660110739437,0.0,0.0,-1.155263355307719,-0.0469605040190235,-0.017874208643067015,-0.006372229365286973,-5.32998586489846,-15.165194296604303,0.9660784805469622,-3.0877428895093164,-1.5431324555730144
-1.793937916820273,0.23045144111163368,-0.13191771423720092,0.17899322790654945,-0.4009693288247912,1.995414901796511,-0.24886751345132463,-0.01587369343203921,-0.9845078162301243,0.03558173886201843,2.628458858966181,3.2117030916246403,-1.7747434340799573,9.179671733405614,-0.2749836405704629,-0.1481660110739437,0.0,0.0,-1.1596027448841157,-0.0469605040190235,-0.017874208643067015,-0.006372229365286973,-5.12180069236493,-15.42425852218699,0.9503442192028022,-1.8998886891472975,-1.603373757849457
-1.793937916820273,0.23045144111163368,-0.1301786856000436,0.17899322790654945,-0.4009693288247912,1.9947194531678274,-0.24886751345132463,-0.01587369343203921,-0.9465538082753346,0.03563084586946224,2.65298671794446,3.4036774083940577,-1.9695225031232675,10.525926668616902,-0.2734762025027946,-0.1481660110739437,0.0,0.0,-1.1596027448841157,-0.0469605040190235,-0.017874208643067015,-0.006372229365286973,-5.128075484260552,-15.573799466796308,1.0504004716523276,-1.524245174184007,-1.5987456192840224
-1.793937916820273,0.23045144111163368,-0.1301786856000436,0.17899322790654945,-0.4009693288247912,1.9947194531678274,-0.24886751345132463,-0.01587369343203921,-1.0049849668600745,-0.014994122765497536,3.3099311332822574,3.768669437617802,-2.1124019315556364,11.295426688332437,-0.27088736026554217,-0.1471334358499122,0.0,0.0,-1.1548973442906385,-0.04670199990096351,-0.017874208643067015,-0.006372229365286973,-5.118861436497792,-15.733047124741644,1.0359421444499828,0.38210723159657406,-1.651792811159174
-1.6439107279660607,0.23046655464700172,-0.13021683186771818,0.17899322790654945,-0.3744877336882878,2.0432240162983852,-0.2393542085247959,-0.01587369343203921,-0.9179710100077991,0.3106230839065157,3.257380898000632,4.0336495151070695,-2.4566114895966913,13.163434384560864,-0.2570565627149654,-0.1471334358499122,0.0,0.0,-1.1554614905041916,-0.036677898343538344,-0.017874208643067015,-0.006372229365286973,-4.944504765734056,-15.72736697604973,1.3608615808465763,1.6429983000361188,-1.5276699629418176
-1.6439107279660607,0.23046655464700172,-0.12948415090101217,0.17899322790654945,-0.37437958243310576,2.129108082488024,-0.2393542085247959,-0.01587369343203921,-1.0231000705818944,0.42304916737114895,3.372542039919867,3.555243505720757,-2.3478593987432084,14.102359576123115,-0.2570565627149654,-0.1471334358499122,0.0,0.0,-0.898292684725864,-0.036677898343538344,-0.017874208643067015,-0.006372229365286973,-4.927065581169051,-15.169679761034383,1.3630305560136484,2.959452888521552,-1.4955762854340204
-1.6439107279660607,0.2362400566122236,-0.08044711251570318,0.17223875926673263,-0.37437958243310576,2.129108082488024,-0.2393542085247959,-0.01587369343203921,-1.0001082051580918,0.6060626172030901,3.5585140272726123,3.557698872781853,-2.4029991663114463,14.968095212489175,-0.2542741943429255,-0.14625813329008153,0.0,0.0,-0.8496176720987038,-0.03382933244958482,-0.017874208643067015,-0.006372229365286973,-4.916356471260864,-15.124068289955746,1.3672094360193716,3.6066764645311227,-1.5273131518152605
-1.6439107279660607,0.2360505422305578,-0.0805015441631856,0.173211692607011,-0.37437958243310576,2.129108082488024,-0.23944745607850243,-0.01587369343203921,-1.1529866349626772,0.44414276306908335,3.4934621773302217,3.601292651143018,-2.5322653733081366,15.545430190390674,-0.2542741943429255,-0.14625813329008153,0.0,0.0,-0.7850477791754243,-0.03238849976239432,-0.01757087483436165,-0.006372229365286973,-4.945496128003183,-15.081217020735538,1.421875425246657,4.106328093236761,-1.7108128457829554
-1.6440261839646608,0.3034824601487137,-0.07779772217329128,0.20901020604897105,-0.3737576226587813,2.1294197101378707,-0.05034259923489472,-0.01587369343203921,-1.1547273903250674,0.5847551867439739,3.7800849243610743,3.690476772415011,-2.7729259289153814,16.51960585540616,-0.25486456924422884,-0.14625813329008153,0.0,0.0,-0.77419933994192,-0.03406703699661474,-0.01757087483436165,-0.006372229365286973,-4.880139343477687,-15.099712181555905,1.4368779151138507,4.300106957277668,-1.5968937176080018
-1.6440261839646608,0.3091816401712516,-0.07779772217329128,0.20901020604897105,-0.3737576226587813,2.1878034731260296,-0.020291903278714593,-0.01587369343203921,-1.1335408553446127,0.5659830508166808,3.8610739553971594,3.69930028302209,-2.8351954500902874,17.223898583538386,-0.25486456924422884,-0.14625813329008153,0.0,0.0,-0.7603483194054135,-0.023981351214452377,-0.016801715376314776,-0.006372229365286973,-4.832100203253675,-15.733603783511631,1.4025775169657173,5.254896713671204,-1.6081300353267802
-1.644355145442531,0.31426326990333725,-0.0766362209408919,0.21345935972200947,-0.3737576226587813,2.1878034731260296,-0.01888378099664409,-0.01587369343203921,-1.1116486063481632,0.531862647519894,3.934461969661815,3.727182111331319,-2.8805118086111525,18.408597829181794,-0.2539083663928551,-0.14625813329008153,0.0,0.0,-0.7581402474337412,-0.02307381269878895,-0.01626216290329944,-0.006372229365286973,-4.732754890692618,-15.776234878224406,1.3690407589701779,5.393363233903744,-1.6008920181337392
-1.644355145442531,0.31426326990333725,-0.0766362209408919,0.21345935972200947,-0.3716776688741626,2.212345847905964,-0.015125801406862604,-0.01587369343203921,-1.2879767673783207,0.7641244750322801,4.115674751002357,3.7330460282455604,-2.821594246321279,19.43143766579472,-0.2539083663928551,-0.14625813329008153,0.0,0.0,-0.7581402474337412,-0.02280329145403527,-0.01626216290329944,-0.006372229365286973,-4.724348301856283,-15.02189055350312,1.376662829830499,7.934365588879596,-1.7275617895955395
-1.7515343878780207,0.08791827569356096,-0.08710998195186592,0.09922442243362013,-0.21311961978331373,1.0522147550480714,-0.3072442426572906,-0.04694988189419894,2.0271491017685337,2.307558855107203,6.59082453611861,-1.631842727395267,-0.8474540172702284,-68.99466177400811,-0.26124343554792645,-0.230580805586737,0.0,0.0,-0.11406024307790305,-0.12098807792020999,-0.02011747354153453,-0.01088128916866105,-1.7651238972363146,6.915687606856938,-0.534700123905982,-31.403498517286334,-1.959636448347988
-1.7515343878780207,0.0880900778170331,-0.08019932405707025,0.09922442243362013,-0.21194019485021615,1.053647320144484,-0.3049132007053823,-0.04694988189419894,2.0382299680635714,2.3809539941911955,6.743433404053885,-1.5743023121338244,-0.6876849956215839,-67.56673291483753,-0.24662839775409953,-0.230580805586737,0.0,0.0,-0.10711012709928365,-0.12098807792020999,-0.01723489111508978,-0.01088128916866105,-1.7796855064430464,6.956023986717743,-0.5262147519641349,-29.228627610566996,-1.9074861063907822
-1.6816720178832396,0.09001769416532622,-0.07704897388374915,0.11036032554561692,-0.21262249203527842,1.0530788983261845,-0.3049132007053823,-0.04694988189419894,2.0511864594960985,2.5314851550520565,6.884316631317241,-1.1928856553957918,-0.6357882050855552,-59.93966304586021,-0.23862273491668134,-0.230580805586737,0.0,0.0,-0.11863815535295953,-0.06534491520205954,-0.015277010715181312,-0.01088128916866105,-1.726854704025826,7.2893008570686595,-0.2939341884915425,-29.777071731773088,-1.9090825542387018
-1.6742597676761537,0.1008037073815032,-0.07785624041276645,0.09611346483655415,-0.20496625103806063,1.0527630842322888,-0.3049132007053823,-0.044942572022419774,2.4631679072646318,2.3804584089357954,7.103550542484414,-1.0357710383459584,-0.4651306125719729,-51.42667803842293,-0.2426657751737884,-0.23220762817719512,0.0,0.0,-0.13508860474406456,-0.0717232542277623,-0.017139858094940674,-0.00918437685240228,-1.7282590154275344,7.202762439184604,-0.6104814606598066,-31.940276467309527,-2.086526370744055
-1.6717592169133735,0.09416166703147609,-0.07618336128618168,0.09729515884763919,-0.20496625103806063,1.0542805753590354,-0.3049132007053823,-0.044942572022419774,2.4792455557889386,2.5948580032193287,7.085445165076921,-1.0328682473278716,-1.070260056072285,-46.206689660266285,-0.2434553787453233,-0.23183289392776998,0.0,0.0,-0.13314431330237142,-0.07404109563304284,-0.017139858094940674,-0.00918437685240228,-1.6770256078032837,7.472335057170574,-0.4373503654024411,-30.87277282528509,-2.481616700113839
-1.6717592169133735,0.09074385882949405,-0.07618336128618168,0.09729515884763919,-0.20241474205061924,1.05827516527655,-0.3061365427671202,-0.044942572022419774,2.692468456870554,2.596637820900493,7.750739322478428,-0.8716200358024584,-1.837076063014438,-40.703394986356614,-0.2430674170049138,-0.23183289392776998,0.0,0.0,-0.07675714757113307,-0.05611398269636571,-0.022802498615657016,-0.00918437685240228,-1.716274644858019,8.350525880017514,-0.4969192009560449,-29.79929651503502,-2.3865903620582958
-1.6949107377911543,0.13747340434401217,-0.07712996329812623,0.09729515884763919,-0.19293700696169616,1.0588673408470168,-0.3157743146005127,-0.044942572022419774,1.9587377258952987,2.591523114100061,8.010602816979938,-0.585943355023059,-2.134837477989872,-37.964615393679914,-0.2460067692602512,-0.23183289392776998,0.0,0.0,-0.07498554211215787,-0.06527128585846663,-0.022802498615657016,-0.00918437685240228,-1.702263147373319,8.396315034224646,-0.49557609352392107,-25.249816016532034,-2.39549905916092
-1.7005684266603998,0.13787431057241617,-0.07634039583264772,0.09985437339518248,-0.19293700696169616,1.0559942385438272,-0.3019459226864869,-0.03758957637628555,1.9359421363335243,2.589122995465622,8.223277441982548,-0.6454736897571773,-2.1416265519416897,-35.60526144978277,-0.25362186942437864,-0.23447789079002082,0.0,0.0,-0.061662237632226696,-0.05866511114725445,-0.020241637388689972,-0.00918437685240228,-1.7000387509899972,8.614286493521268,-0.5786359696215261,-24.662269846552245,-3.430612035430765
-1.7005684266603998,0.12668172897555144,-0.07634039583264772,0.09985437339518248,-0.19121426976489458,1.1560026944143906,-0.2975064426481415,-0.03758957637628555,1.9606685301053115,3.8045471136084807,8.047527913441032,-0.7142136788944764,-2.1371168840072845,-34.607409519825346,-0.23706377895923128,-0.20596215065554213,0.0,0.0,-0.0775092143077242,-0.06596268121695026,-0.02001883647719132,-0.00918437685240228,-1.7477996404108673,8.62174944020844,-0.6371464393805796,-22.9763527871216,-3.472797174661421
-1.7882262243755285,0.1274089950991318,-0.07634039583264772,0.11124843282075658,-0.19254245823606564,1.4121421122359947,-0.20166553609958554,-0.03758957637628555,2.1673595280299716,3.5388821503939587,9.141612544576615,-1.080460257376634,-2.9434452491544207,-27.926972941449282,-0.2536110887449033,-0.12419485640719304,0.0,0.0,-0.18820884993851386,-0.0665054967782161,-0.02001883647719132,-0.00918437685240228,-1.5572855057315502,9.13590301933797,-0.9535812832155615,-22.49946877626826,-4.263448528600953
-1.7882262243755285,0.1274089950991318,-0.07634039583264772,0.11471171942108904,-0.19254245823606564,1.4121421122359947,-0.20166553609958554,-0.03758957637628555,2.5542310009721794,3.492074964775943,9.27922225724422,-1.0834973689255205,-2.919641652087901,-26.763094975657644,-0.2525971388261174,-0.12419485640719304,0.0,0.0,-0.1847619486016803,-0.06874999372773205,-0.02001883647719132,-0.00918437685240228,-1.5572855057315502,8.886829055567627,-0.9567066345177595,-20.874186467910523,-4.234615082799831
-1.7427742134448752,0.1274089950991318,-0.07634039583264772,0.11471171942108904,-0.19254245823606564,1.4121421122359947,-0.20166553609958554,-0.03758957637628555,2.2739179238042038,3.777384001972823,9.267326244869576,-1.0303692674960023,-3.5187499775661246,-21.251026384934,-0.24814605890387936,-0.11547986735315273,0.0,0.0,-0.18908003901398718,-0.05802347820714327,-0.02001883647719132,-0.00918437685240228,-1.5633410245939205,9.368923879725049,-0.8354347492688281,-22.183805674115714,-4.303427982954854
-1.3071301144831167,0.1274089950991318,-0.07634039583264772,0.18943027626736364,-0.19254245823606564,1.4121421122359947,-0.20166553609958554,-0.03758957637628555,2.328213442055263,4.166993740171611,9.619113878413732,-1.1785960586554738,-4.185204374176019,-17.00630174874107,-0.24814605890387936,-0.08954302744190042,0.0,0.0,-0.18908003901398718,-0.058090775683475926,-0.02001883647719132,-0.00918437685240228,-1.7782550791178737,9.552827485845269,-0.8731128026125781,-21.758134337496365,-4.0737722033408685
-0.9373337150191011,0.1274089950991318,-0.07634039583264772,0.18943027626736364,-0.19254245823606564,1.4121421122359947,-0.20166553609958554,-0.03758957637628555,1.8901637365253188,4.1308430399584655,11.542606740105391,-1.2626859735714182,-3.9120714548277413,-14.145142038982593,-0.3008185282621828,-0.08954302744190042,0.0,0.0,-0.18908003901398718,-0.058090775683475926,-0.02001883647719132,-0.00918437685240228,-1.38045575508856,9.59137724397886,-0.9758000644045606,-20.849779591024607,-4.7883623788503185
-0.9373337150191011,0.13078295946737772,-0.07634039583264772,0.18943027626736364,-0.18957894052606689,1.4121421122359947,-0.20166553609958554,-0.03758957637628555,1.14753999753231,4.817736449719351,11.512449698620728,-1.3306078517790911,-3.7589035552411847,-11.3010856597602,-0.3231134238528478,-0.11704205935657468,0.0,0.0,-0.18438492416327976,-0.036478381828656634,-0.02001883647719132,-0.00918437685240228,-1.36559357266102,9.394984511014126,-0.9542960931749174,-20.935407216625922,-5.252680111299333
-1.0301962042884134,0.13078295946737772,-0.07634039583264772,0.277675526893101,-0.1846581228864848,1.5343930086138584,-0.20166553609958554,-0.007660217595365175,1.2921609349607348,4.59770878944754,11.518535839663295,-1.2806292991475392,-3.847874768079741,-9.488869234360614,-0.3231134238528478,-0.11704205935657468,0.0,0.0,-0.18438492416327976,-0.03655643233276411,-0.02001883647719132,-0.00918437685240228,-1.3309459874423035,10.0830888679604,-1.0867972574803315,-21.044791857595815,-4.861714416464519
-1.7839814759275465,0.13078295946737772,-0.07778234898377774,0.28851441079311146,-0.1846581228864848,1.5343930086138584,-0.20498880278790682,-0.007660217595365175,2.150371813129064,4.39045688901482,11.667616518746964,-1.3129448187277382,-3.678058702061591,-7.959842585139926,-0.3231134238528478,-0.11704205935657468,0.0,0.0,0.024924161370031273,-0.040282734222588316,-0.02001883647719132,-0.00980515314477023,-1.3361356664786732,11.142234020935035,-1.0839383053850293,-16.87842273409489,-4.956286560578259
-1.7592314997575742,0.13544018577270764,-0.07725213004203718,0.28851441079311146,-0.19264364280848978,1.5343930086138584,-0.15582140891787713,-0.007660217595365175,2.168736418238672,4.380049482587375,12.026518996436659,-1.4082396639761712,-4.049219656369236,-5.87000700521156,-0.29578624830630706,-0.10904172541534285,0.0,0.0,0.02585767980790506,-0.0348874701924589,-0.02001883647719132,-0.00980515314477023,-1.5899752142426413,11.503557553569125,-1.0830646621020952,-16.305241123971857,-4.876625181328549
-1.7592314997575742,0.13544018577270764,-0.07716483546142737,0.28851441079311146,-0.19264364280848978,1.5390817719615502,-0.1480787655416944,-0.007660217595365175,2.3023933578802747,4.5801900057442575,11.87484118918813,-1.337810068028491,-4.0444547128776716,-2.4261312150527705,-0.2807121358493476,-0.09409575216158499,0.0,0.0,0.518182038374462,-0.04592429395193787,-0.02001883647719132,-0.00980515314477023,-1.5827166299962414,11.021666813661904,-1.165858372899993,-16.253488236621298,-5.243081900360832
-1.755753136799631,0.13544018577270764,-0.07403739070455463,0.28851441079311146,-0.19264364280848978,1.5390817719615502,-0.1480787655416944,-0.008504168393612309,3.352640066703624,4.630751355674012,11.858453762837565,-1.4114378969943258,-3.809729863055594,-1.3350738731473573,-0.2807121358493476,-0.09409575216158499,0.0,0.0,0.5092831597641041,-0.04613510858570092,-0.02001883647719132,-0.00980515314477023,-1.5883661467034897,11.150400550549172,-1.1647581477553295,-14.659528507551435,-5.598659256927496
-1.755753136799631,0.13544018577270764,-0.07403739070455463,0.28851441079311146,-0.1904079153615324,1.5390817719615502,-0.1480787655416944,-0.008504168393612309,3.3597074999533554,4.630751355674012,12.282837361309591,-1.4114378969943258,-3.8531785723095977,-0.054157309233254604,-0.2807121358493476,-0.09409575216158499,0.0,0.0,0.5092831597641041,-0.04613510858570092,-0.02001883647719132,-0.00980515314477023,-1.5341331716563051,11.207819663438096,-1.1659335005721503,-14.730020012559095,-6.000419350467817
-1.7449793415323356,0.13549566594185747,-0.07413609997346668,0.28851441079311146,-0.1785611539041326,2.3419499965111723,-0.14824793600094183,-0.008504168393612309,3.5327571682770342,4.6469160165162355,12.68371613282248,-1.1062591208280672,-5.142915649943863,-0.48148540326682204,-0.31069722500635705,-0.09454748029959825,0.0,0.0,0.5084357472929685,-0.046802333477308576,-0.02001883647719132,-0.00980515314477023,-1.5564452546098981,10.589878016015405,-1.105455079283886,-7.552229651520474,-5.846849018287608
-1.7449793415323356,0.13747156984006123,-0.07413609997346668,0.28851441079311146,-0.1771568549654478,2.573708058019429,-0.14824793600094183,-0.008504168393612309,3.5990013669640746,4.356685352360906,12.570818608676523,-1.1653970228830877,-5.272856304071625,0.5466391273134465,-0.3074326552135465,-0.10104280012777106,0.0,0.0,0.3721270619006112,-0.023830408965029342,-0.02001883647719132,-0.00980515314477023,-1.4011091901033594,11.307885177358276,-1.101859179577176,-5.523820445628936,-6.3698011112183215
-1.7878597974167687,0.1428308803222853,-0.07585248970873995,0.28851441079311146,-0.1771568549654478,2.573708058019429,-0.15080058238899677,-0.008504168393612309,3.601835444037045,4.434130036503924,13.035186714628479,-1.1848223053293427,-5.199811484915523,2.2094419564070122,-0.33145282248704283,-0.10104280012777106,0.0,0.0,0.3729311526043545,-0.01900649133487745,-0.02001883647719132,-0.00980515314477023,-1.3960806274259439,11.906090983601489,-1.100365036505027,-4.779875937543976,-6.525863316376662
-1.7878597974167687,0.1428308803222853,-0.07585248970873995,0.28851441079311146,-0.1771568549654478,2.6044551225062182,-0.15080058238899677,-0.008504168393612309,3.5961576672422955,5.7841688191039635,13.028495345996612,-1.3697682743520039,-5.649906993020553,3.5873450035528314,-0.3137211040902755,-0.06639112078250066,0.0,0.0,0.3774320072364986,-0.01863493132539379,-0.02001883647719132,-0.00980515314477023,-1.4032946778708169,11.851487066290936,-1.1408862899878753,-2.321761516743051,-7.952178914030834
-1.7878597974167687,0.1428308803222853,-0.07585248970873995,0.29534988139496876,-0.1771568549654478,2.618137938050297,-0.1491087376402929,-0.008504168393612309,3.5950095214530515,5.7831195550865795,14.275552488901566,-1.3697682743520039,-6.594738185307821,6.158011701018324,-0.3137211040902755,-0.06639112078250066,0.0,0.0,0.3775299983515715,-0.01863493132539379,-0.02001883647719132,-0.00980515314477023,-1.499665697707246,11.878213216671043,-1.0875228276780446,-2.0032561179605755,-7.302413037827578
-1.7878597974167687,0.14274921254348624,-0.07585248970873995,0.29534988139496876,-0.1771568549654478,2.618137938050297,-0.1491087376402929,-0.008504168393612309,3.779146309798246,5.827058207486931,14.650232002833832,-1.5623200080345354,-6.666601173124501,8.899933900577656,-0.3137211040902755,-0.06639112078250066,0.0,0.0,0.3775299983515715,-0.01596691267658496,-0.02001883647719132,-0.00980515314477023,-1.507189362670446,12.058038721921958,-1.0861996193240917,-2.1708542364392245,-8.08605317674464
-1.7777570400548564,0.23937412362042934,-0.0698235279846204,0.29534988139496876,-0.175897861218153,2.628244237850308,-0.1491087376402929,-0.008504168393612309,3.7823873738362717,5.827058207486931,15.619255876700384,-1.6405893877255866,-6.215927924688516,9.16856913845553,-0.3137211040902755,-0.06639112078250066,0.0,0.0,0.3775299983515715,-0.01596691267658496,-0.02001883647719132,-0.00980515314477023,-1.587257694503883,12.017880717712167,-1.0818536953867106,-0.5018275394499891,-8.042121781761459
-1.7777570400548564,0.24627990127368668,-0.07452163791303426,0.29534988139496876,-0.175897861218153,2.724795814139214,-0.1491087376402929,-0.008504168393612309,3.9149850667381916,5.967823020253456,15.797711599218811,-1.7406888349451997,-7.07798715128287,11.766678919324159,-0.3137211040902755,-0.06639112078250066,0.0,0.0,0.3788242095618398,-0.01596691267658496,-0.02001883647719132,-0.00980515314477023,-1.2087723476953154,12.47506254880601,-1.0661338046252473,-0.49685701641836244,-8.105263533830561
-1.7635897643393792,0.24895423367820796,-0.07452163791303426,0.43043631307512054,-0.175897861218153,2.724795814139214,-0.15872776656313264,-0.008504168393612309,3.93041994547471,7.036537273023913,15.784151775341607,-1.896972871614311,-7.729162055064888,13.177573710092755,-0.3270658499932782,-0.06639112078250066,0.0,0.0,0.3553682311458108,-0.01596691267658496,-0.02001883647719132,-0.00980515314477023,-1.3670295156684849,12.829379648376984,-1.0355765199916853,1.4182024766283854,-7.621461792875632
-1.7635897643393792,0.24895423367820796,-0.06483091998269623,0.43043631307512054,-0.175897861218153,2.7241003655105307,-0.15872776656313264,-0.008504168393612309,4.485111286292084,7.036966289076181,15.83517447114958,-1.9575916369622812,-7.678695073774317,13.841784768496465,-0.3265871916890124,-0.06639112078250066,0.0,0.0,0.3553682311458108,-0.01596691267658496,-0.02001883647719132,-0.00980515314477023,-1.3676160157333197,13.023972253862517,-1.0897514096149703,2.664566236854048,-7.720639498002247
-1.7635897643393792,0.24895423367820796,-0.06483091998269623,0.43043631307512054,-0.175897861218153,2.7241003655105307,-0.15872776656313264,-0.008504168393612309,4.697918469261191,7.139656646198039,16.106140694184127,-1.9774259761867514,-7.740436905839312,14.93488442322123,-0.32399834945176,-0.05436893085012,0.0,0.0,0.3600736317392881,-0.014523989690322819,-0.02001883647719132,-0.00980515314477023,-1.3535290828075015,13.239020467202442,-1.0765767792687841,3.883569795205852,-8.266874175319662
-1.7475952576492761,0.248969347213576,-0.06486906625037081,0.43043631307512054,-0.17363314953127523,2.7361047586812104,-0.11061957086327746,-0.008504168393612309,4.760206328791393,7.00774389442212,16.460529044500554,-2.050535081125564,-8.076966031710917,16.660582296404844,-0.3216049291981883,-0.05436893085012,0.0,0.0,0.3595094855257346,-0.0028746665584596866,-0.02001883647719132,-0.00980515314477023,-1.38231931922285,13.292609385485223,-1.212882709942514,4.179939822530443,-8.263520709371845
-1.7475952576492761,0.248969347213576,-0.06396813466073922,0.43043631307512054,-0.1733227525285532,3.05594624683062,-0.11061957086327746,-0.008504168393612309,5.083068370640358,7.216664817128953,16.473445595288087,-1.8039340453594155,-8.220264667011513,17.15880103180722,-0.3216049291981883,-0.05436893085012,0.0,0.0,0.3890770193929007,-0.0028746665584596866,-0.02001883647719132,-0.00980515314477023,-1.3551451615185064,13.034454572559426,-1.1489628153827895,6.436992053592448,-8.717741446284458
-1.7475952576492761,0.25474284917879786,-0.014931096275430182,0.42368184443530366,-0.1733227525285532,3.05594624683062,-0.11061957086327746,-0.008504168393612309,5.088756905951318,7.255500965428013,16.51378280701693,-1.80147867829832,-8.203070944786571,17.7989916510567,-0.31882256082614835,-0.05349362829028927,0.0,0.0,0.647754405875006,0.014375149604422184,-0.02001883647719132,-0.00980515314477023,-1.344128492415121,12.999194298970716,-1.1520363352593437,7.269155004479458,-9.023433047935942
-1.7475952576492761,0.25469453123925573,-0.015266148882360836,0.43375138729556956,-0.1733227525285532,3.05594624683062,-0.11119197273152484,-0.008504168393612309,5.555206623772738,7.921508970157945,16.792140959936276,-1.84465727781795,-8.2655828667176,19.483286784453316,-0.31882256082614835,-0.05349362829028927,0.0,0.0,0.6602125294989558,0.033414717512104244,-0.019977607633252948,-0.00980515314477023,-1.3338651419546326,12.975847165819147,-1.2186149592590108,8.584510773511662,-9.204100398556188
-1.7477107136478762,0.32694724940657005,-0.0012354402647020855,0.4370782368495134,-0.17097975337870092,3.056833187064799,-0.07277964790115993,-0.008504168393612309,5.553465868410349,7.950659491391327,17.119733187310356,-1.9015312094583372,-8.661745354266936,20.33613076914383,-0.31939151974308183,-0.05349362829028927,0.0,0.0,0.6712442769194326,0.03338561023617097,-0.019977607633252948,-0.00980515314477023,-1.2763438559960099,13.160595631164748,-1.234963083317182,8.675813210774919,-9.477770003829763
-1.7477107136478762,0.3306477912526242,-0.0012354402647020855,0.4370782368495134,-0.17097975337870092,3.378956812341825,-0.06865780556948199,-0.008504168393612309,5.655041818978429,8.024738513441836,17.136072479952876,-1.8927028458083623,-9.400587563258364,21.745667635808903,-0.31939151974308183,-0.05349362829028927,0.0,0.0,0.6743661986840184,0.034893420051503345,-0.019208448175206075,-0.00980515314477023,-1.2031922970806448,13.943255747952003,-1.0525768027157,11.329598169124965,-9.300549053853251
-1.7502604669552584,0.33770771849283154,0.0017029175148749903,0.44152739052255174,-0.17097975337870092,3.378956812341825,-0.06841712212703036,-0.008504168393612309,5.703785579694976,8.118896930628296,17.200201423077473,-1.87230534777697,-9.476987463310223,23.16057844878792,-0.3184353168917082,-0.05349362829028927,0.0,0.0,0.6807637016829641,0.03580095856716677,-0.01866889570219073,-0.00980515314477023,-1.08982997837775,13.988845301389594,-0.9649934171797188,11.398130671812043,-9.312217807572244
-1.7502604669552584,0.33770771849283154,0.0017029175148749903,0.44152739052255174,-0.15449088417165724,3.574142701931699,-0.06727845071487537,-0.008504168393612309,6.041480124533021,8.451426947213513,17.737485501363388,-1.872293989128612,-10.486352925208475,24.29451779124008,-0.3184353168917082,-0.05349362829028927,0.0,0.0,0.6807637016829641,0.035892991567959255,-0.01866889570219073,-0.00980515314477023,-1.0886295828332448,13.122419864705615,-0.9714092083926469,13.76269223134941,-9.443307457722627
-1.7474390384883896,0.34973703145301227,0.004208590475531222,0.4404472160148899,-0.16011150967951426,3.574806241889897,-0.0239089681384975,-0.008504168393612309,6.142913215074624,8.437624295655153,17.899434605227203,-1.8090460545625724,-9.720487642229433,24.796006805662934,-0.28976010801855157,-0.051411308761849635,0.0,0.0,0.6791319472734836,0.03798340229189943,-0.01866889570219073,-0.011764448230222196,-1.0125938943520898,13.181528372324255,-0.8941545875467152,13.017874227537353,-9.580338703951096
-6.6817800623581425,0.10144246077153948,-0.09900042782600844,-1.9998976860695983,-0.1707537452613296,-7.624394680584565,-0.13489193792051632,-0.006954748436772046,-9.085271162374559,-4.607870728120495,-13.258774976401154,-13.68234826944316,-4.848742121784339,11.00334820553963,-0.8950618400651915,-0.3713862577998144,0.0,0.0,-1.7887071699973331,-3.1408036215602344,-0.014095992180683983,-0.01708015332330468,8.675709117869864,14.775629622563297,0.8707181752445401,2.165865539886674,-5.923217892808606
-7.665153791513129,0.09238195604555549,-0.0863080370575821,-1.9993848685204794,-0.17493558286918698,-7.624394680584565,-0.08961759580567073,-0.006773860598489164,-11.145047512401291,-8.144136930895058,-12.581186653089071,-17.11782053290405,-5.145441144454395,10.873981831313946,-1.009482583875391,-0.3713862577998144,0.0,0.0,-1.8204135365886611,-3.1844088926719696,-0.02046027763277592,-0.01638568054207329,7.898467787324216,14.188859487894451,-1.8194405554379611,2.267683523496912,-6.390145550186452
-8.912787288340953,0.10224351211370654,-0.04623144802667569,-1.7438815202339593,-0.25355585029749295,-6.916652494798703,-0.08054261296319104,-0.009181898774630198,-10.16159878141595,-6.895982430804335,-12.875982244757555,-14.11928924211396,-5.491405259337514,11.072892106165833,-1.0165998679848023,-0.3714365957760914,0.0,0.0,-1.1596903079459275,-3.5911982665557303,-0.014360414156039288,-0.01689623363078108,-0.505229295902578,5.522215956391568,-2.73096958762903,1.6461379457408738,-6.747290827091777
-8.865655860942606,0.10224351211370654,-0.05596066105099347,-2.073831743198034,-0.25355585029749295,-6.916652494798703,-0.08054261296319104,-0.009181898774630198,-9.57021910644514,-6.8249465586247,-12.361695380580027,-14.683638144957383,-5.614248642969648,10.957696861969353,-1.0209559646615742,-0.3714365957760914,0.0,0.0,-1.1595710113834705,-3.5911982665557303,-0.015538315964962968,-0.01932384635999754,-0.6497845885614338,5.870806085584914,-2.8994735172559976,1.7401751344500036,-6.356681563287871
-4.6684712809627005,0.24739158582973447,-0.07584133608968978,-0.6813021085492444,-0.506328257868903,-4.470155117333843,-0.06106927844309224,0.0195839675274544,-5.75831688009291,-6.245813762871505,-15.82904688075693,-9.328386057968455,-5.586261583501516,9.578448011085488,-0.7787804535466167,-0.48444276772429207,0.0,0.0,-1.267883498946634,-0.28005605098684666,-0.02533728641647956,-0.030915601018755325,-7.053424975261882,-13.74825023120333,-2.4278329667291048,0.5097618554731854,-3.285306137246086
-4.792122461772679,0.2394541853009566,-0.1328390056018532,-0.8358328932452418,-0.5058126275447413,-4.402583125628324,-0.19821980554437657,0.0195839675274544,-2.58611520965772,-6.440411955123637,-16.541974548206163,-9.250911841594059,-4.105721999520228,9.79090648704144,-0.6910015934243822,-0.4566878300170397,0.0,0.0,-1.228338030020539,-0.43589142847098766,-0.020497094995048648,-0.03259869323719805,-6.8892988331792,-13.635633187675163,-2.0173448423276206,2.075947339544167,-2.4569272930495325
-4.618059861406218,0.24548467615386427,-0.1395414051139234,-0.732712593395031,-0.5058847931769903,-4.410390674949184,-0.06187645404358812,0.0195839675274544,-3.6424380002112966,-6.048202706298193,-16.81437168516654,-9.379640692427401,-4.602393739296525,9.903544597533037,-0.691057380713584,-0.4566878300170397,0.0,0.0,-1.2361344908020333,-0.4368100720238068,-0.02571630012976276,-0.029388957192374013,-6.567619519860556,-13.243823739685281,-2.2583712911048694,0.8332560812752969,-2.673668880951217
-1.8440226659905479,-1.2766059097831701,-0.24545349020888926,-1.635290243135559,-0.4713870983537126,-4.509087296267235,-0.0918244064967116,-0.01587369343203921,-2.279423076165332,0.9154485847497125,-1.8288071389815121,-9.586670969710598,-7.234995481116199,12.406174680158328,-1.0258540486125922,-0.3752510774107594,0.0,0.0,-0.6240043805293964,0.07024059170727073,-0.052974782349718565,-0.05139482961845706,-5.473569605984641,-12.082468471098599,-1.9561297931022066,3.857580249922458,-5.325978791600402
-2.4319869666905887,-0.5382886868924678,-0.08585769392447566,-0.7932540840738598,-0.4507014998208369,-4.449433540990445,-0.03079616644160181,0.019745321265767234,-3.3447679528850607,-2.8728604357260727,-11.060156825937952,-8.023456612791747,-4.932160900046078,10.591466449852524,-0.8963984990006336,-0.38519467257321394,0.0,0.0,0.27559179049930327,0.07752702152405712,-0.023920124497637328,-0.03517114672420963,3.584709350134657,-11.819790246008063,-1.5197806138895493,3.0679939133836815,-2.561711177194294
-2.2603430849067876,-1.3552181905162906,-0.1327026648009407,-1.7229810062978395,-0.4740918731344726,-4.5022207094973865,-0.10482293972166531,-0.01587369343203921,-1.9288736716795603,0.850593098786977,-1.8944243520646873,-7.804964776863924,-7.117526286849292,12.552558088462082,-0.9540624193626316,-0.37275895124912745,0.0,0.0,-0.6144835616560391,0.008865273813218489,-0.05936916930739439,-0.026994595498651137,-6.125120342477526,-13.955037578687843,-1.5690115889622633,3.6369486881901105,-5.239431911303476
-2.4305443422585555,-0.5310678485761616,-0.0715625383449896,-0.7972701879057561,-0.45061381799018707,-4.408335619180405,-0.03079616644160181,-0.03596752266583079,-5.1341186069655045,-3.0470727026295155,-10.956147911034842,-8.168437931042597,-5.051769693965017,10.214056141285706,-0.8971683055313757,-0.38519467257321394,0.0,0.0,0.29539425474642744,0.07694023728255342,-0.023498278351605867,-0.033086953248176475,3.7296593739142803,-11.966598683599857,-1.5770145920270693,2.99737439181902,-2.0464592875197245
-2.424998333675185,-0.4382140318483916,-0.07156969415438662,-0.7972701879057561,-0.4507014952060235,-4.408335619180405,-0.01083148717648633,-0.03596752266583079,-4.878648271401223,-3.8621493977209402,-10.99177634426134,-8.122183184905394,-6.829049858381484,9.924569937348535,-0.9001578492469747,-0.38519467257321394,0.0,0.0,0.2526215651155986,0.06042481178351651,-0.004610715043048393,0.02807220373979947,3.4398367752649723,-11.58689743731713,-1.541790865047983,3.086358015014575,-3.5516790400984948
-2.578172175880306,-0.4326868199106135,-0.06596541691055374,-0.7972701879057561,-0.44668005785504944,-4.43545058813386,0.052643978996165915,-0.03596752266583079,-4.749882051523783,-3.8485032229276923,-11.583161515156023,-8.532010431405249,-9.334962958719663,9.496665036435584,-0.8969392711699369,-0.43339665903908176,0.0,0.0,-0.1110986139327509,-0.02298252418187808,-0.001547003683611895,0.0560722202790728,3.116848235924196,-11.627219119751096,-2.23580676402308,2.9643919699321764,-5.525796915499951
-2.8687852798713203,-0.4053285773310543,-0.06827016035733266,-0.7304289085631919,-0.44668005785504944,-4.449757164939204,0.07323609715379548,-0.036101926322550305,-4.618077653435902,-4.357067125271985,-12.616917043998317,-8.952661704372382,-9.720509843842235,9.476256585894147,-0.9287027921009978,-0.43387004153813447,0.0,0.0,-0.19072953956894156,-0.052813973083800606,-0.005595954639689407,0.06107660673910296,2.994187262716981,-12.431321802575784,-2.4696682190243515,3.3551785737067426,-8.297370546715486
-2.425059328608206,-0.4505667040738057,-0.08587263537591015,-0.7932540840738598,-0.45370930551678534,-4.449433540990445,-0.01083148717648633,0.019745321265767234,-3.2418282158884923,-3.544684770046027,-10.850812525272625,-8.132397153819884,-6.541092694062891,10.24302939187858,-0.8993880427162326,-0.38519467257321394,0.0,0.0,0.23281910086847446,0.061011596025020216,-0.005032561189079856,0.027887798268018224,3.1041033440519215,-11.420013599849014,-1.4225469362652299,3.214192282345714,-4.153906657372017
-2.571947365425226,-0.4450394921360276,-0.07051376911839592,-0.7932540840738598,-0.44968786816581124,-4.476548509943901,0.052643978996165915,0.019745321265767234,-3.2680000294198597,-3.530990699008753,-11.43920890140471,-8.476993765567572,-9.172035145862907,9.811589712448026,-0.8968411316609418,-0.43339665903908176,0.0,0.0,-0.12997131652600788,-0.02323293691442141,-0.0019688498296433566,0.055887814807291554,2.775690654976525,-11.43324981713777,-1.9866933466474284,3.112690462859326,-6.064591571315213
-2.8625604694162403,-0.41768124955646846,-0.07281851256517483,-0.7264128047312955,-0.44968786816581124,-4.490855086749244,0.07323609715379548,0.019610917609047717,-3.3211055769158935,-4.039554601353044,-12.433320644133088,-8.880105436087378,-9.616536473153669,9.798652625893089,-0.9303946210316049,-0.43387004153813447,0.0,0.0,-0.20960224216219847,-0.05306438581634393,-0.006017800785720869,0.06089220126732171,2.570821919613028,-12.237352499962462,-2.2205548016486953,3.4795356712282706,-8.93996533670116
